colour	x	y	fill
#F8766D	0.344570805788906	0.476551675767348	#F8766D
#F8766D	0.354222940563905	0.458341177248653	#F8766D
#F8766D	0.354156043862786	0.456564984891864	#F8766D
#00BFC4	0.411353278547158	0.466851505309437	#00BFC4
#C77CFF	0.379067403240896	0.569732323736238	#C77CFF
#00BFC4	0.419490762556048	0.453282278633911	#00BFC4
#C77CFF	0.321721620290458	0.565892149933263	#C77CFF
#00BFC4	0.437586866993332	0.451014648794445	#00BFC4
#F8766D	0.355901253193045	0.458371829884665	#F8766D
#F8766D	0.357527782718028	0.467744561257667	#F8766D
#F8766D	0.391571437021902	0.465536687873104	#F8766D
#C77CFF	0.364328018487021	0.535519200083411	#C77CFF
#00BFC4	0.48870001300689	0.487383268992989	#00BFC4
#00BFC4	0.418125018789141	0.472594206284439	#00BFC4
#00A9FF	0.329453750251231	0.365871653464765	#00A9FF
#00BFC4	0.392745256394281	0.458169287499999	#00BFC4
#00BFC4	0.326554841412405	0.416318716348903	#00BFC4
#CD9600	0.257133061861172	0.439334509898917	#CD9600
#C77CFF	0.325723333254134	0.555324003331609	#C77CFF
#FF61CC	0.445181116317954	0.275474948203669	#FF61CC
#00BFC4	0.419708795598095	0.512596802556426	#00BFC4
#00BFC4	0.414467273248742	0.444261665117603	#00BFC4
#00BFC4	0.445858862242022	0.429587432304341	#00BFC4
#FF61CC	0.48081110419315	0.398243677692489	#FF61CC
#00BFC4	0.460306780514338	0.481948790460511	#00BFC4
#CD9600	0.358649164261323	0.465576883806465	#CD9600
#00BFC4	0.436065773913958	0.498352812655943	#00BFC4
#00BE67	0.406449860946292	0.222067369848559	#00BE67
#00BFC4	0.475479208715272	0.472590482013248	#00BFC4
#F8766D	0.4557299181508	0.499837823758524	#F8766D
#C77CFF	0.324994534896231	0.571865058996828	#C77CFF
#F8766D	0.411612099642806	0.456683170388804	#F8766D
#00BFC4	0.439000369743115	0.434841092654988	#00BFC4
#C77CFF	0.417421674353827	0.556251957334508	#C77CFF
#00BFC4	0.372822555741089	0.470867293132256	#00BFC4
#C77CFF	0.336354586081863	0.550790071065544	#C77CFF
#C77CFF	0.38686843871047	0.562073520704673	#C77CFF
#00BFC4	0.360515408476207	0.445154130992042	#00BFC4
#00BFC4	0.507053238185399	0.493753371474999	#00BFC4
#00A9FF	0.387248219232996	0.398932409261907	#00A9FF
#00BFC4	0.413804748179524	0.437447228903452	#00BFC4
#00BFC4	0.401787896029084	0.474065642502483	#00BFC4
#00BFC4	0.423746554656531	0.456436621887842	#00BFC4
#F8766D	0.432582515404269	0.440631856123855	#F8766D
#00BE67	0.419203899462948	0.332349239989368	#00BE67
#00BFC4	0.471151248967525	0.429877028178269	#00BFC4
#00A9FF	0.372051647046971	0.375884660453395	#00A9FF
#C77CFF	0.414705659521404	0.573466706779229	#C77CFF
#F8766D	0.389074003186212	0.436454466761591	#F8766D
#C77CFF	0.371149841478735	0.550725889563533	#C77CFF
#00BFC4	0.336895969008569	0.443654328294183	#00BFC4
#00BFC4	0.341731558042626	0.452139018839853	#00BFC4
#00BFC4	0.463437683592438	0.415129095356028	#00BFC4
#00BFC4	0.498178019855607	0.466033808889432	#00BFC4
#CD9600	0.366715633022686	0.499253973786529	#CD9600
#00BFC4	0.422781832363203	0.465288701257149	#00BFC4
#00BFC4	0.376263609489436	0.453606620084581	#00BFC4
#00BFC4	0.347365165902561	0.452184463071143	#00BFC4
#C77CFF	0.374183072707103	0.56550495439345	#C77CFF
#C77CFF	0.334017413400357	0.563991908917433	#C77CFF
#C77CFF	0.338645341030488	0.548171171410587	#C77CFF
#00BFC4	0.29203486195814	0.431054143732063	#00BFC4
#C77CFF	0.291549644990004	0.537484359940329	#C77CFF
#C77CFF	0.390779734400371	0.542454808726616	#C77CFF
#00BFC4	0.375913029870017	0.441003079920808	#00BFC4
#00BFC4	0.368870396539841	0.429225685238553	#00BFC4
#00BFC4	0.354709013939986	0.455691034883893	#00BFC4
#C77CFF	0.326777131571243	0.541801179630703	#C77CFF
#C77CFF	0.341476899638638	0.56501735188409	#C77CFF
#C77CFF	0.398844956336867	0.525868530234359	#C77CFF
#C77CFF	0.356316903421536	0.549089016832727	#C77CFF
#C77CFF	0.364510553388995	0.534814263594107	#C77CFF
#00BFC4	0.370499249831681	0.444924033605605	#00BFC4
#C77CFF	0.351272935145992	0.527709272762697	#C77CFF
#00BFC4	0.30494551557951	0.396287908654996	#00BFC4
#00BFC4	0.293479574418711	0.429721437066211	#00BFC4
#C77CFF	0.373972369698759	0.546284283875041	#C77CFF
#C77CFF	0.383918918134608	0.541382852083214	#C77CFF
#00BFC4	0.33677970739528	0.421003772904116	#00BFC4
#CD9600	0.338123769514335	0.490801853363528	#CD9600
#00BFC4	0.284234544326129	0.427302572235471	#00BFC4
#00BFC4	0.487731002284276	0.451056737424083	#00BFC4
#00BFC4	0.473171639815261	0.482897177816536	#00BFC4
#00BFC4	0.452850335880476	0.475838589959746	#00BFC4
#00BFC4	0.492751638837423	0.392077990945864	#00BFC4
#C77CFF	0.474036524029764	0.497223452280018	#C77CFF
#C77CFF	0.456734055563946	0.482415283631209	#C77CFF
#C77CFF	0.449619065736247	0.50416289589654	#C77CFF
#CD9600	0.375510276729519	0.491258323865212	#CD9600
#C77CFF	0.355952645880278	0.502546456518861	#C77CFF
#CD9600	0.415938516573894	0.466107902358331	#CD9600
#00BFC4	0.430069703292317	0.396416682104359	#00BFC4
#00BFC4	0.408671080467766	0.395606544928861	#00BFC4
#C77CFF	0.445242270063634	0.50224882202876	#C77CFF
#C77CFF	0.442350426950505	0.53513067713073	#C77CFF
#C77CFF	0.446143666247565	0.548209535769034	#C77CFF
#00BFC4	0.515615453090783	0.403914552009232	#00BFC4
#00BFC4	0.418497154318788	0.453619125523662	#00BFC4
#00BFC4	0.457265142310276	0.471013623704758	#00BFC4
#00BFC4	0.426022913845755	0.431289076610948	#00BFC4
#00BFC4	0.486035875703751	0.458713880936402	#00BFC4
#C77CFF	0.421399866744847	0.53840943771324	#C77CFF
#00BFC4	0.477776046872734	0.459802067290076	#00BFC4
#C77CFF	0.455050906550836	0.542817514535732	#C77CFF
#00BFC4	0.450692750921656	0.456878190092121	#00BFC4
#00A9FF	0.400710501681571	0.349570914468867	#00A9FF
#CD9600	0.445162677957536	0.459137916807924	#CD9600
#C77CFF	0.462174303354227	0.517226004196236	#C77CFF
#00BFC4	0.442584606386254	0.409893213532773	#00BFC4
#00A9FF	0.433298618357195	0.382756087594589	#00A9FF
#C77CFF	0.389054475051047	0.491333351287059	#C77CFF
#C77CFF	0.375407333933642	0.535074165575353	#C77CFF
#00BFC4	0.445930500901983	0.407472799884912	#00BFC4
#00A9FF	0.406463318334085	0.403724215320434	#00A9FF
#00BFC4	0.463364798107611	0.386980359303137	#00BFC4
#C77CFF	0.43106040849554	0.516355041120379	#C77CFF
#C77CFF	0.458122148536391	0.550857539242883	#C77CFF
#C77CFF	0.425179333694939	0.554091334965767	#C77CFF
#00BFC4	0.436339274044395	0.401086947064294	#00BFC4
#C77CFF	0.437315489063087	0.535038719222695	#C77CFF
#00BFC4	0.484978412369791	0.452189777935256	#00BFC4
#00BFC4	0.397881436723154	0.433251470940005	#00BFC4
#00BE67	0.379269705408172	0.25278981929253	#00BE67
#00BFC4	0.428698499729006	0.451029809059262	#00BFC4
#00BFC4	0.360324466598539	0.449702965555512	#00BFC4
#C77CFF	0.407732341084333	0.533249062683495	#C77CFF
#C77CFF	0.3819219534344	0.532179134228878	#C77CFF
#C77CFF	0.345820659508417	0.628428030705768	#C77CFF
#00BFC4	0.438006138093422	0.410046255308579	#00BFC4
#00BFC4	0.482860538522581	0.407684270702754	#00BFC4
#C77CFF	0.393743745160764	0.549132064205694	#C77CFF
#C77CFF	0.369190169698152	0.546193506114588	#C77CFF
#C77CFF	0.442356415734213	0.561503220826833	#C77CFF
#CD9600	0.423359992054987	0.473872385447755	#CD9600
#CD9600	0.374665311183455	0.448606765376048	#CD9600
#CD9600	0.437076259215239	0.474775439274617	#CD9600
#C77CFF	0.54152945109428	0.538032830125851	#C77CFF
#C77CFF	0.521263595280502	0.541679090234123	#C77CFF
#00BFC4	0.57457765823609	0.439777422501485	#00BFC4
#C77CFF	0.465136519335068	0.579251385681743	#C77CFF
#00BFC4	0.601447832986839	0.453697070951299	#00BFC4
#C77CFF	0.401925323135678	0.518654282339187	#C77CFF
#C77CFF	0.453539920801578	0.567505713080954	#C77CFF
#00BFC4	0.456854372611008	0.471596060352142	#00BFC4
#00BFC4	0.390783260846841	0.447311287057004	#00BFC4
#00BFC4	0.447077663672157	0.434457842790618	#00BFC4
#00BFC4	0.490981737567388	0.463476583176037	#00BFC4
#00BFC4	0.479102173953161	0.429493188240109	#00BFC4
#00BFC4	0.415319398945633	0.432805957060282	#00BFC4
#00BFC4	0.408943843793258	0.477036291344595	#00BFC4
#00BFC4	0.443914927470836	0.461305004185335	#00BFC4
#00BFC4	0.438223547723037	0.444229094994933	#00BFC4
#FF61CC	0.474515689101559	0.379973422718891	#FF61CC
#00BFC4	0.441433854056976	0.493604422639922	#00BFC4
#7CAE00	0.49681898270997	0.500307905707905	#7CAE00
#C77CFF	0.40275213348036	0.55527232726868	#C77CFF
#00BFC4	0.407536518677441	0.446498273651519	#00BFC4
#C77CFF	0.417248264265108	0.541702621221489	#C77CFF
#00BFC4	0.426881028326354	0.446205912249729	#00BFC4
#00BFC4	0.418401371673737	0.443327700687317	#00BFC4
#C77CFF	0.398033788576453	0.562042499399123	#C77CFF
#00BFC4	0.431321773520797	0.418438877244088	#00BFC4
#C77CFF	0.315981499042922	0.553073561945744	#C77CFF
#00BFC4	0.371464689962571	0.424661579708141	#00BFC4
#00BFC4	0.428319657578088	0.455042720652093	#00BFC4
#C77CFF	0.427044923184894	0.529526226336257	#C77CFF
#00BFC4	0.41097453082137	0.434322358137951	#00BFC4
#00BFC4	0.375298263783674	0.437327015217727	#00BFC4
#00BFC4	0.448822155164853	0.447675062311577	#00BFC4
#00BFC4	0.4600238154336	0.45971106812537	#00BFC4
#00BFC4	0.475063791482292	0.460521684672532	#00BFC4
#00BFC4	0.460716926801173	0.456234669576967	#00BFC4
#C77CFF	0.391472845767944	0.538978410178213	#C77CFF
#C77CFF	0.371776056145189	0.545473298658341	#C77CFF
#C77CFF	0.45784811941865	0.586449661834055	#C77CFF
#00BFC4	0.481176766097038	0.442954817371118	#00BFC4
#C77CFF	0.443263366139678	0.535620676498414	#C77CFF
#C77CFF	0.440042858050493	0.545437372934019	#C77CFF
#00BFC4	0.496967625401166	0.457319500328989	#00BFC4
#C77CFF	0.494557705805215	0.557563050499651	#C77CFF
#00A9FF	0.389001929964077	0.360353297416225	#00A9FF
#C77CFF	0.425331641402987	0.531149856288904	#C77CFF
#CD9600	0.372039713624808	0.474872080197172	#CD9600
#C77CFF	0.416069797359018	0.536418787606495	#C77CFF
#CD9600	0.384043416840714	0.465988389448524	#CD9600
#00BFC4	0.416835750066165	0.409358617975002	#00BFC4
#C77CFF	0.349733063452803	0.543882238828363	#C77CFF
#C77CFF	0.368124299388499	0.543513301187607	#C77CFF
#C77CFF	0.455400144920259	0.541699744991502	#C77CFF
#00BFC4	0.476790845611168	0.456295016105662	#00BFC4
#00BFC4	0.530794493487859	0.446060471494232	#00BFC4
#F8766D	0.429404665605984	0.456360746424793	#F8766D
#F8766D	0.417306520995023	0.468674322045098	#F8766D
#00BFC4	0.484099724495824	0.461455870507071	#00BFC4
#00BFC4	0.50704724940169	0.467380827778897	#00BFC4
#00BE67	0.464027713593752	0.340278090146098	#00BE67
#00BFC4	0.380012943670729	0.410509916385232	#00BFC4
#C77CFF	0.423058323818181	0.55121264403169	#C77CFF
#C77CFF	0.523975850670944	0.540959472851666	#C77CFF
#CD9600	0.397385224704462	0.479540907042113	#CD9600
#C77CFF	0.466755813251477	0.511988204886322	#C77CFF
#C77CFF	0.429933630268475	0.538271187532712	#C77CFF
#C77CFF	0.483981277686061	0.547670146494618	#C77CFF
#C77CFF	0.421304801937359	0.516707638348738	#C77CFF
#CD9600	0.364399033734548	0.488272883427822	#CD9600
#CD9600	0.331577222465227	0.490266409764555	#CD9600
#C77CFF	0.47803634778876	0.578545490449109	#C77CFF
#CD9600	0.384425206170921	0.493432779085902	#CD9600
#C77CFF	0.448317082640911	0.566877832202281	#C77CFF
#C77CFF	0.404935657203823	0.551290658385651	#C77CFF
#C77CFF	0.452884820191193	0.564243071506591	#C77CFF
#CD9600	0.378638043778071	0.466065445059155	#CD9600
#C77CFF	0.525274244207175	0.588940788558781	#C77CFF
#C77CFF	0.497912630709071	0.576430423013785	#C77CFF
#C77CFF	0.513975100938955	0.585419425150752	#C77CFF
#CD9600	0.408615053079578	0.51150251986362	#CD9600
#00BFC4	0.484171986568218	0.464472922323802	#00BFC4
#00BFC4	0.429657138813496	0.45234724475817	#00BFC4
#C77CFF	0.453014230739017	0.559158904046274	#C77CFF
#00BFC4	0.513965931980446	0.448941190617094	#00BFC4
#00BFC4	0.514359887728328	0.456046550118042	#00BFC4
#C77CFF	0.415317572853585	0.509143411487783	#C77CFF
#C77CFF	0.499498202297578	0.561084893279344	#C77CFF
#00BFC4	0.404650758773151	0.469210613685274	#00BFC4
#CD9600	0.453613354241091	0.490042954655098	#CD9600
#FF61CC	0.484941604292217	0.357459679394358	#FF61CC
#00BFC4	0.459759988071105	0.436111166635948	#00BFC4
#00A9FF	0.419705678535929	0.386938381375625	#00A9FF
#00BFC4	0.415330753100615	0.460419360216326	#00BFC4
#00BFC4	0.469233252960981	0.43865253130861	#00BFC4
#00BFC4	0.498172654484332	0.46479294942949	#00BFC4
#C77CFF	0.454921401577882	0.584443740760367	#C77CFF
#C77CFF	0.489504612716416	0.551437579031944	#C77CFF
#00BFC4	0.469340484186143	0.440015300536682	#00BFC4
#C77CFF	0.421689538446856	0.575609329216325	#C77CFF
#F8766D	0.367852549892362	0.433698533636847	#F8766D
#00BFC4	0.492741437082177	0.451270015026458	#00BFC4
#00A9FF	0.370740104576205	0.355638067596665	#00A9FF
#CD9600	0.415781826011432	0.480412828861299	#CD9600
#C77CFF	0.483348356398337	0.537960568231865	#C77CFF
#C77CFF	0.458110699956279	0.559786194851156	#C77CFF
#C77CFF	0.432511733152252	0.56652656238679	#C77CFF
#00A9FF	0.32285908511482	0.394725215304834	#00A9FF
#C77CFF	0.45762829159705	0.582483263917968	#C77CFF
#00A9FF	0.355209936605023	0.40650010242664	#00A9FF
#00BFC4	0.39893049308142	0.443619472015316	#00BFC4
#C77CFF	0.466641516300617	0.528190643440418	#C77CFF
#00BFC4	0.433196393398879	0.415161554776572	#00BFC4
#C77CFF	0.386420470516706	0.521442564182348	#C77CFF
#C77CFF	0.364143254243318	0.493356460814348	#C77CFF
#C77CFF	0.35590694598496	0.501719020187636	#C77CFF
#C77CFF	0.473745586535508	0.577045429783838	#C77CFF
#CD9600	0.433814075352015	0.471284249130936	#CD9600
#00BFC4	0.530904671892311	0.478880541952514	#00BFC4
#C77CFF	0.441186355803816	0.552375489137673	#C77CFF
#C77CFF	0.429330218337116	0.562208525985675	#C77CFF
#00BFC4	0.371953087105508	0.428337054337431	#00BFC4
#00BFC4	0.419095200878873	0.428440927610757	#00BFC4
#00BFC4	0.424882986684155	0.480939945873664	#00BFC4
#00BFC4	0.422857136040016	0.463220995539772	#00BFC4
#00BFC4	0.362344328458971	0.441049372193301	#00BFC4
#00BFC4	0.368257954220355	0.431875237529522	#00BFC4
#00BFC4	0.412929819747539	0.430218189413001	#00BFC4
#00BFC4	0.415518653373865	0.460955283186964	#00BFC4
#C77CFF	0.433071145542716	0.522955720360492	#C77CFF
#C77CFF	0.459387367699406	0.545145011532228	#C77CFF
#00BFC4	0.372527613092936	0.395884483404911	#00BFC4
#C77CFF	0.304861320084954	0.492258276582041	#C77CFF
#C77CFF	0.409509477962941	0.538486382621745	#C77CFF
#00BFC4	0.442634689135987	0.419357202037893	#00BFC4
#C77CFF	0.395933446518192	0.498438821490133	#C77CFF
#C77CFF	0.406163677872342	0.504364737505288	#C77CFF
#00BFC4	0.407296306312733	0.393630686417394	#00BFC4
#C77CFF	0.347196636343064	0.52893475055357	#C77CFF
#C77CFF	0.429368229094304	0.555469485862908	#C77CFF
#C77CFF	0.382430829545575	0.548213739411889	#C77CFF
#C77CFF	0.404587042246832	0.577540112166041	#C77CFF
#00BFC4	0.46221047518661	0.414102582943916	#00BFC4
#00BFC4	0.47186251553648	0.432434143189538	#00BFC4
#00A9FF	0.500551238631871	0.407239936970613	#00A9FF
#C77CFF	0.510161382673656	0.559981435958727	#C77CFF
#00BFC4	0.439199624171348	0.46299041878167	#00BFC4
#C77CFF	0.415471750798933	0.5615969855194	#C77CFF
#C77CFF	0.39592494511737	0.538824778328616	#C77CFF
#00BFC4	0.430475636607614	0.456267128997511	#00BFC4
#00BFC4	0.445463206139718	0.441288140045503	#00BFC4
#00BE67	0.463077481484954	0.335116756373024	#00BE67
#00BFC4	0.368252588849081	0.43063437806958	#00BFC4
#00BFC4	0.507602637670875	0.436290436000659	#00BFC4
#00BFC4	0.479573757144711	0.44085645901773	#00BFC4
#CD9600	0.388859773731398	0.512377317912793	#CD9600
#C77CFF	0.479925457851373	0.561254754839213	#C77CFF
#00BFC4	0.48733848221152	0.421130628866821	#00BFC4
#C77CFF	0.356491031347817	0.552227978417589	#C77CFF
#00BFC4	0.437718336628714	0.448241416513974	#00BFC4
#C77CFF	0.454109704830164	0.558943966924653	#C77CFF
#00A9FF	0.373453606791513	0.405181818686529	#00A9FF
#C77CFF	0.509978847771681	0.560686372448031	#C77CFF
#C77CFF	0.489137842558042	0.571653519252662	#C77CFF
#00BFC4	0.491795323519788	0.397086172241006	#00BFC4
#00BFC4	0.551273564927096	0.394876381369784	#00BFC4
#00BFC4	0.536294402370686	0.406011472247627	#00BFC4
#C77CFF	0.417500019635059	0.549099494083024	#C77CFF
#00BFC4	0.427097814543535	0.455257067699923	#00BFC4
#CD9600	0.387065822901403	0.514827794122875	#CD9600
#CD9600	0.390272558643619	0.507614136301494	#CD9600
#00BFC4	0.593398707164167	0.474005927823382	#00BFC4
#C77CFF	0.539298791800374	0.564007811733969	#C77CFF
#C77CFF	0.450968524539071	0.554212507394821	#C77CFF
#00BE67	0.593762485997998	0.270600179236468	#00BE67
#00BE67	0.626999808925429	0.244133391476134	#00BE67
#C77CFF	0.500933884370023	0.538464400451498	#C77CFF
#C77CFF	0.482923814352101	0.541146043493472	#C77CFF
#C77CFF	0.532518115595394	0.500435265832656	#C77CFF
#00BFC4	0.568052761522338	0.371121299213646	#00BFC4
#00BE67	0.538415273677062	0.293699714810036	#00BE67
#00BFC4	0.530542832543038	0.40212153986838	#00BFC4
#00BFC4	0.558559641076658	0.381352488223423	#00BFC4
#00BE67	0.561594074984639	0.294662414389675	#00BE67
#00BFC4	0.514367047879154	0.401939283571556	#00BFC4
#00BE67	0.562954453380272	0.274109627279206	#00BE67
#00BFC4	0.420579624451055	0.401563113580028	#00BFC4
#00BFC4	0.517158271963261	0.419198887173776	#00BFC4
#00BFC4	0.517167302351388	0.440486673335771	#00BFC4
#00BFC4	0.49728493622224	0.45277125583931	#00BFC4
#00BFC4	0.504028413932724	0.475130408570916	#00BFC4
#C77CFF	0.42133663506058	0.556680172058503	#C77CFF
#00BFC4	0.482395567527172	0.447825227857396	#00BFC4
#00BFC4	0.528533247895599	0.482326287864906	#00BFC4
#00BFC4	0.458489309111686	0.477124893650978	#00BFC4
#00BFC4	0.527516119085682	0.475388761735042	#00BFC4
#FF61CC	0.575306129173354	0.381130035993233	#FF61CC
#00BFC4	0.490152509030721	0.457074980016812	#00BFC4
#C77CFF	0.465525563241231	0.516046450008318	#C77CFF
#C77CFF	0.479985024518788	0.522937093791897	#C77CFF
#C77CFF	0.442301062038335	0.514256314097453	#C77CFF
#00BFC4	0.456414187980505	0.401989521519492	#00BFC4
#00BFC4	0.464325307429401	0.463692847710525	#00BFC4
#C77CFF	0.476888561606153	0.526428763307243	#C77CFF
#00BFC4	0.487468516171777	0.441178145642664	#00BFC4
#C77CFF	0.43389196710369	0.533201221593883	#C77CFF
#C77CFF	0.468885853516361	0.536154681982394	#C77CFF
#C77CFF	0.471301900466402	0.577474123879498	#C77CFF
#00BFC4	0.489858095369871	0.443765913289945	#00BFC4
#C77CFF	0.438410245316673	0.546234156629232	#C77CFF
#00BFC4	0.469342902378128	0.409798858766414	#00BFC4
#00BFC4	0.500012399634775	0.426627850786316	#00BFC4
#C77CFF	0.422544082335732	0.533937179388737	#C77CFF
#C77CFF	0.475112048139977	0.546323127605153	#C77CFF
#00BFC4	0.455175436569436	0.44643372347997	#00BFC4
#00A9FF	0.433286546364649	0.366553058966702	#00A9FF
#C77CFF	0.468738911179589	0.560337020119199	#C77CFF
#00BFC4	0.476285011104412	0.435175653388542	#00BFC4
#C77CFF	0.470515424645764	0.540442655821288	#C77CFF
#F8766D	0.409259907789465	0.422224678382596	#F8766D
#C77CFF	0.501352966619855	0.570580124494266	#C77CFF
#C77CFF	0.47785623107877	0.549033985168146	#C77CFF
#C77CFF	0.559377465178465	0.548415254126902	#C77CFF
#C77CFF	0.548578791045725	0.564772393976051	#C77CFF
#C77CFF	0.52253722141921	0.532122664449303	#C77CFF
#00BFC4	0.477440675275409	0.421774739455766	#00BFC4
#00BFC4	0.544632482057803	0.434312881406786	#00BFC4
#C77CFF	0.474062991781711	0.535955126529842	#C77CFF
#CD9600	0.498583392871106	0.48519984120318	#CD9600
#CD9600	0.515666033515324	0.496041611935903	#CD9600
#C77CFF	0.486678513904669	0.499290199254065	#C77CFF
#C77CFF	0.46915456140808	0.651054207067265	#C77CFF
#C77CFF	0.481854902438029	0.543550596100599	#C77CFF
#C77CFF	0.432634670074316	0.625128615365879	#C77CFF
#C77CFF	0.466809561018062	0.541499120093495	#C77CFF
#C77CFF	0.47924683666833	0.550717740245235	#C77CFF
#C77CFF	0.470884657141374	0.641742780966286	#C77CFF
#C77CFF	0.475461286509401	0.545205358060923	#C77CFF
#C77CFF	0.470541363410406	0.517500587070634	#C77CFF
#CD9600	0.45744156269092	0.501467530704743	#CD9600
#CD9600	0.474240614841967	0.464939894866165	#CD9600
#00BFC4	0.50668227402287	0.432248641993188	#00BFC4
#00BFC4	0.557525603890225	0.418644817006208	#00BFC4
#C77CFF	0.526638741149217	0.519365492435933	#C77CFF
#C77CFF	0.498030063689478	0.518601168161264	#C77CFF
#C77CFF	0.495203870452603	0.502995847147703	#C77CFF
#00BFC4	0.494898493053693	0.408556671893605	#00BFC4
#C77CFF	0.452531293392484	0.520182230112609	#C77CFF
#00BFC4	0.453699514398077	0.432925580672215	#00BFC4
#C77CFF	0.474364112063831	0.564226362424654	#C77CFF
#00BFC4	0.520367954884767	0.443442530582605	#00BFC4
#CD9600	0.479018337563031	0.492936179217041	#CD9600
#C77CFF	0.552207027229759	0.55945801842717	#C77CFF
#C77CFF	0.475576924710257	0.54272422921483	#C77CFF
#C77CFF	0.431421718857509	0.531440300204036	#C77CFF
#00BFC4	0.45969076760313	0.428009357285109	#00BFC4
#00BFC4	0.466505883973574	0.428253877597287	#00BFC4
#C77CFF	0.533798977342676	0.567514752216258	#C77CFF
#00A9FF	0.469233706490537	0.369583095594179	#00A9FF
#C77CFF	0.488687456172293	0.561239004500605	#C77CFF
#C77CFF	0.540241334771041	0.561602669053051	#C77CFF
#C77CFF	0.450021334034692	0.543966416087639	#C77CFF
#00BFC4	0.437619512379245	0.443034749211736	#00BFC4
#C77CFF	0.504354364725002	0.545386655614418	#C77CFF
#00A9FF	0.459593643708083	0.403996622740761	#00A9FF
#00A9FF	0.459608757305047	0.415114893834541	#00A9FF
#C77CFF	0.503862302565213	0.521664254283076	#C77CFF
#C77CFF	0.426943775168569	0.51799394203997	#C77CFF
#00BFC4	0.519452068516305	0.411495229984711	#00BFC4
#C77CFF	0.482322820612727	0.534866940176168	#C77CFF
#C77CFF	0.46652891970418	0.525587014752404	#C77CFF
#C77CFF	0.509947014648461	0.520713838738265	#C77CFF
#C77CFF	0.540212448827109	0.553087436573495	#C77CFF
#C77CFF	0.492003746906528	0.561713732901346	#C77CFF
#C77CFF	0.47066299039497	0.541392001920643	#C77CFF
#C77CFF	0.485090524124177	0.544852170758774	#C77CFF
#C77CFF	0.518498838948341	0.563151160881726	#C77CFF
#C77CFF	0.582957911372055	0.564049789661481	#C77CFF
#C77CFF	0.503134845457304	0.551926619656298	#C77CFF
#C77CFF	0.486500267431979	0.545173746681582	#C77CFF
#C77CFF	0.502161716188283	0.56462259709977	#C77CFF
#C77CFF	0.530456218856496	0.528308349565693	#C77CFF
#C77CFF	0.426300028713166	0.54234470362165	#C77CFF
#C77CFF	0.443995111676871	0.550536922063404	#C77CFF
#C77CFF	0.419837192316564	0.535897656231135	#C77CFF
#C77CFF	0.447883025364497	0.638834285437401	#C77CFF
#C77CFF	0.418363499486932	0.565257189181747	#C77CFF
#C77CFF	0.453967504452233	0.55923548028524	#C77CFF
#C77CFF	0.442640098652514	0.572330568633816	#C77CFF
#CD9600	0.453071927169132	0.445446190290478	#CD9600
#00BFC4	0.613081724439953	0.470114077957477	#00BFC4
#CD9600	0.515934602836661	0.495750688649107	#CD9600
#C77CFF	0.531325781917206	0.534296529596201	#C77CFF
#C77CFF	0.510239104542454	0.527697288471083	#C77CFF
#C77CFF	0.485136941857057	0.534269232561842	#C77CFF
#C77CFF	0.551964396673065	0.536806872963313	#C77CFF
#C77CFF	0.483492395701073	0.634053436000836	#C77CFF
#C77CFF	0.448088363001566	0.656814096495868	#C77CFF
#C77CFF	0.444078822329377	0.544625318271863	#C77CFF
#C77CFF	0.480551811088208	0.671192612305688	#C77CFF
#C77CFF	0.513200697110861	0.564590985720429	#C77CFF
#CD9600	0.465058860578904	0.595982802826146	#CD9600
#00BFC4	0.523987784093107	0.44197205310789	#00BFC4
#00BFC4	0.553987067142405	0.444420132459649	#00BFC4
#CD9600	0.456620117717513	0.466090345235192	#CD9600
#00A9FF	0.468477457863826	0.354788169723528	#00A9FF
#00BFC4	0.406034034329007	0.430800515358258	#00BFC4
#00BFC4	0.415648158346818	0.41932905696233	#00BFC4
#C77CFF	0.390199219629236	0.548534835963033	#C77CFF
#00BFC4	0.529084876722803	0.467731028148932	#00BFC4
#CD9600	0.447382323233504	0.540307392572874	#CD9600
#00BFC4	0.545266026757961	0.469154143905699	#00BFC4
#C77CFF	0.503678067308816	0.54117525801449	#C77CFF
#C77CFF	0.553403649337232	0.570775365601837	#C77CFF
#C77CFF	0.561636915991173	0.567497563762657	#C77CFF
#00BFC4	0.465503245348188	0.407302938325043	#00BFC4
#00BFC4	0.482903820225914	0.438728148804247	#00BFC4
#00A9FF	0.497141583444571	0.36625734196326	#00A9FF
#CD9600	0.52395108327342	0.483421731359732	#CD9600
#00A9FF	0.529070311080525	0.351001262576405	#00A9FF
#00BFC4	0.567157788684289	0.449748930934269	#00BFC4
#00A9FF	0.499412482837391	0.376410995990741	#00A9FF
#00BFC4	0.460352574834786	0.446234168027418	#00BFC4
#00BFC4	0.456723715238319	0.426416859340138	#00BFC4
#C77CFF	0.469668758745277	0.516597164574234	#C77CFF
#C77CFF	0.446508112639082	0.521667978554266	#C77CFF
#00BFC4	0.567250624150051	0.428583054540404	#00BFC4
#C77CFF	0.566178185789509	0.526131128817142	#C77CFF
#C77CFF	0.486546061752426	0.50945912424849	#C77CFF
#C77CFF	0.556529092618928	0.53925686980173	#C77CFF
#C77CFF	0.46910872294238	0.535036322364372	#C77CFF
#C77CFF	0.484936969591262	0.517530280963317	#C77CFF
#C77CFF	0.475958090628031	0.545036934616048	#C77CFF
#00BFC4	0.502502503436761	0.415616218493724	#00BFC4
#C77CFF	0.494736575690338	0.536811187308294	#C77CFF
#00BFC4	0.498293129069159	0.401878937042861	#00BFC4
#C77CFF	0.559025185204623	0.55461778120524	#C77CFF
#C77CFF	0.547284685938779	0.561969689207149	#C77CFF
#00BFC4	0.525004912903024	0.448909579237753	#00BFC4
#C77CFF	0.488017241964945	0.546858091832462	#C77CFF
#C77CFF	0.498616567244322	0.538893684620949	#C77CFF
#00BFC4	0.478148276827512	0.404284927764982	#00BFC4
#C77CFF	0.518830639953945	0.544589503249667	#C77CFF
#C77CFF	0.520359063067022	0.537345192792274	#C77CFF
#C77CFF	0.547605038364271	0.552336687183363	#C77CFF
#C77CFF	0.462559134288853	0.539585636299507	#C77CFF
#C77CFF	0.521491112240232	0.553211964604201	#C77CFF
#C77CFF	0.512847075887023	0.557072203090765	#C77CFF
#C77CFF	0.544351261476741	0.545001598965516	#C77CFF
#C77CFF	0.554682017434782	0.537328115040799	#C77CFF
#C77CFF	0.445014564253644	0.563800065187317	#C77CFF
#CD9600	0.385436251772001	0.51053982028398	#CD9600
#CD9600	0.436585443880317	0.501316406415594	#CD9600
#C77CFF	0.449682826407818	0.547565904551754	#C77CFF
#C77CFF	0.549725330403466	0.566625752645597	#C77CFF
#00A9FF	0.513524406099947	0.365613342076441	#00A9FF
#00A9FF	0.470279721244385	0.385035854203598	#00A9FF
#00BFC4	0.525133246508858	0.487763163255707	#00BFC4
#7CAE00	0.547771244156911	0.469260782706886	#7CAE00
#00BFC4	0.524090273359428	0.46722564711218	#00BFC4
#00A9FF	0.517576107388227	0.401051242744224	#00A9FF
#00BFC4	0.545612317948095	0.436579073131259	#00BFC4
#C77CFF	0.496357739844047	0.544943059221354	#C77CFF
#C77CFF	0.457644620706385	0.664854231905145	#C77CFF
#C77CFF	0.536083743507594	0.538523308865199	#C77CFF
#00BE67	0.585023913824605	0.314432361359007	#00BE67
#00BFC4	0.532322916600936	0.43881616103684	#00BFC4
#C77CFF	0.471534971647666	0.517163740180883	#C77CFF
#C77CFF	0.505071620077665	0.574316314321789	#C77CFF
#00BFC4	0.515790110004369	0.468727256594571	#00BFC4
#00BFC4	0.487902806443702	0.447870082014895	#00BFC4
#C77CFF	0.434814654518552	0.543568632595403	#C77CFF
#C77CFF	0.499298853444216	0.569477625916979	#C77CFF
#00A9FF	0.397162840120495	0.390600502524631	#00A9FF
#00BE67	0.552945126789712	0.228212357701867	#00BE67
#C77CFF	0.483466318366049	0.541805056379822	#C77CFF
#C77CFF	0.489071663694486	0.558466952367716	#C77CFF
#00BFC4	0.477319048290845	0.397883324605757	#00BFC4
#C77CFF	0.538582783272578	0.585341521498918	#C77CFF
#00A9FF	0.499499764081619	0.42708837766557	#00A9FF
#C77CFF	0.470908039143649	0.533826705614233	#C77CFF
#00A9FF	0.524924697384494	0.380666989780757	#00A9FF
#00A9FF	0.543574754415837	0.370129717219367	#00A9FF
#00BFC4	0.596645871855556	0.429836788108966	#00BFC4
#C77CFF	0.549511585790704	0.552489839661296	#C77CFF
#C77CFF	0.566908590076706	0.52732606467413	#C77CFF
#00BFC4	0.558012300678738	0.441126358877608	#00BFC4
#7CAE00	0.548034448106972	0.467728999960148	#7CAE00
#7CAE00	0.558177303791765	0.459519593064792	#7CAE00
#00BFC4	0.472345452883013	0.471410817123204	#00BFC4
#00BFC4	0.509483246332666	0.459385657229245	#00BFC4
#00BFC4	0.521333300590528	0.459722135449458	#00BFC4
#00BFC4	0.523977676762991	0.464622018424166	#00BFC4
#00BFC4	0.544430809437586	0.436379997050372	#00BFC4
#C77CFF	0.412041660788647	0.65998776709431	#C77CFF
#00BFC4	0.474114636315484	0.411422599421188	#00BFC4
#C77CFF	0.549791603692152	0.543270260766226	#C77CFF
#C77CFF	0.558926499525535	0.66460156227467	#C77CFF
#00BE67	0.670264878324099	0.273612068667016	#00BE67
#C77CFF	0.425689286748104	0.526188188670508	#C77CFF
#00BFC4	0.448710276405977	0.433661059095405	#00BFC4
#C77CFF	0.526252738847472	0.57748567057525	#C77CFF
#C77CFF	0.498758673197125	0.575144230024679	#C77CFF
#C77CFF	0.531998943303844	0.580134743494555	#C77CFF
#00BFC4	0.354745683447177	0.435230685053124	#00BFC4
#00BFC4	0.366573558382379	0.442014099961725	#00BFC4
#C77CFF	0.529931057781238	0.58163528353149	#C77CFF
#C77CFF	0.519680970871284	0.588481921198773	#C77CFF
#00BFC4	0.515702734335011	0.45459193368406	#00BFC4
#C77CFF	0.484310037087246	0.534193246396666	#C77CFF
#C77CFF	0.479142023635153	0.519138529246895	#C77CFF
#C77CFF	0.397782127631632	0.518103567773271	#C77CFF
#C77CFF	0.452603555464878	0.52319928192934	#C77CFF
#00BFC4	0.464431197404569	0.451334307230595	#00BFC4
#00BFC4	0.439725314233909	0.471337227816351	#00BFC4
#00BFC4	0.467569336091243	0.461150524294535	#00BFC4
#C77CFF	0.531897795287519	0.568602459198267	#C77CFF
#C77CFF	0.537346544478624	0.563027222924812	#C77CFF
#C77CFF	0.544118284720606	0.568769923899813	#C77CFF
#C77CFF	0.448807897975833	0.540336865061304	#C77CFF
#00BFC4	0.41824906396569	0.46626917936418	#00BFC4
#00BFC4	0.408946261985244	0.446819849574327	#00BFC4
#00BFC4	0.447121039800619	0.428959662127794	#00BFC4
#C77CFF	0.385099803232684	0.516450243927941	#C77CFF
#C77CFF	0.37810339878513	0.567174028577388	#C77CFF
#C77CFF	0.394503753229456	0.547431858014081	#C77CFF
#C77CFF	0.564159570753943	0.585048090651673	#C77CFF
#C77CFF	0.566386470605867	0.575568241105819	#C77CFF
#C77CFF	0.502224947872551	0.546351862754507	#C77CFF
#C77CFF	0.495675359219024	0.550901176689641	#C77CFF
#00BFC4	0.481534411442154	0.437993149752722	#00BFC4
#C77CFF	0.495028665584332	0.543794637041112	#C77CFF
#C77CFF	0.459636081464938	0.557626641927871	#C77CFF
#C77CFF	0.40197164644343	0.544613402906572	#C77CFF
#00BFC4	0.484025138656575	0.45211320169629	#00BFC4
#C77CFF	0.520728780404684	0.548586553801765	#C77CFF
#00BFC4	0.484691782272201	0.409905128898063	#00BFC4
#00BFC4	0.549947532271799	0.388643201655435	#00BFC4
#00BFC4	0.569705758799268	0.419225704836471	#00BFC4
#00A9FF	0.545863903435168	0.349774826042203	#00A9FF
#C77CFF	0.551793310351202	0.528583153844344	#C77CFF
#C77CFF	0.504945704663815	0.505246288533568	#C77CFF
#00A9FF	0.47227910413658	0.364023130287666	#00A9FF
#00BFC4	0.551435526435703	0.418354373091076	#00BFC4
#00BFC4	0.564470754220927	0.438936854094228	#00BFC4
#00BFC4	0.516771646249083	0.452187381076933	#00BFC4
#00BE67	0.574822568414388	0.317021677823408	#00BE67
#00BFC4	0.489201653509491	0.426781962007578	#00BFC4
#00BFC4	0.522457037213174	0.442890746571233	#00BFC4
#00BE67	0.445945475928565	0.303400622607024	#00BE67
#00BE67	0.537156043297755	0.325784786216793	#00BE67
#00BFC4	0.528436841838114	0.4469031787924	#00BFC4
#C77CFF	0.495059251882686	0.533503802278557	#C77CFF
#C77CFF	0.522276341236004	0.539980064190091	#C77CFF
#CD9600	0.468724968949743	0.468738938782831	#CD9600
#CD9600	0.49118642047953	0.477314038419417	#CD9600
#C77CFF	0.486965144002258	0.541574848291258	#C77CFF
#C77CFF	0.405290978782083	0.540003373773205	#C77CFF
#C77CFF	0.451081121135509	0.556816136082835	#C77CFF
#C77CFF	0.448229706971553	0.55274250929177	#C77CFF
#C77CFF	0.471693891551855	0.545726489436283	#C77CFF
#C77CFF	0.555555245512345	0.56336322177336	#C77CFF
#00BFC4	0.545727238311388	0.445508318813323	#00BFC4
#00BFC4	0.558762560521741	0.429548741052157	#00BFC4
#00BFC4	0.507881937734762	0.438481231633747	#00BFC4
#C77CFF	0.494637751440869	0.531604520006057	#C77CFF
#00BFC4	0.588403480388359	0.448368862550469	#00BFC4
#00A9FF	0.448704646726697	0.37476113844919	#00A9FF
#00BFC4	0.479541111758798	0.448836358600439	#00BFC4
#00BFC4	0.484585174459471	0.433674043906151	#00BFC4
#00BE67	0.567694883181711	0.297434577224691	#00BE67
#C77CFF	0.450128470834726	0.581871244080029	#C77CFF
#00BFC4	0.537135079487465	0.403484419798579	#00BFC4
#00BFC4	0.526904848133315	0.397558503783423	#00BFC4
#00BFC4	0.59981701503257	0.399145728640084	#00BFC4
#00BFC4	0.544781842586562	0.379914101499713	#00BFC4
#00BFC4	0.565577053479753	0.404661577128174	#00BFC4
#00BE67	0.573874754497575	0.281643902280066	#00BE67
#CD9600	0.465879543569496	0.491037855687869	#CD9600
#00A9FF	0.474194681951138	0.385464068927594	#00A9FF
#00A9FF	0.561589207288173	0.376084626351288	#00A9FF
#00A9FF	0.549452428507592	0.3700055578582	#00A9FF
#C77CFF	0.549040720436715	0.529716194355517	#C77CFF
#C77CFF	0.537970435378221	0.55144901502557	#C77CFF
#C77CFF	0.580022163143161	0.540756082425798	#C77CFF
#C77CFF	0.503022248860868	0.549322990968284	#C77CFF
#C77CFF	0.518301908286965	0.541327451749094	#C77CFF
#C77CFF	0.497556062305943	0.53745433915391	#C77CFF
#C77CFF	0.509028615662884	0.555525038674957	#C77CFF
#C77CFF	0.466416228682613	0.559525444828707	#C77CFF
#C77CFF	0.474900003881638	0.513381147378741	#C77CFF
#00BFC4	0.540582745431952	0.437727974683165	#00BFC4
#00BFC4	0.503877901004229	0.442723761241351	#00BFC4
#00BFC4	0.513682966899708	0.426703468281953	#00BFC4
#C77CFF	0.502724793595599	0.541098681775524	#C77CFF
#C77CFF	0.559585844419953	0.561310307651261	#C77CFF
#C77CFF	0.505945925097216	0.556413669576079	#C77CFF
#00BFC4	0.523939042593371	0.446229374310772	#00BFC4
#C77CFF	0.459427702223449	0.544731588403512	#C77CFF
#C77CFF	0.462085850742881	0.547028432763996	#C77CFF
#C77CFF	0.418005230729382	0.545087172563983	#C77CFF
#00BFC4	0.481009344792026	0.454778024954201	#00BFC4
#00BFC4	0.546854016538453	0.42359217240099	#00BFC4
#00BFC4	0.501887019512857	0.4233505283188	#00BFC4
#C77CFF	0.453285841664772	0.55378322322537	#C77CFF
#C77CFF	0.459468036747493	0.544318165274794	#C77CFF
#C77CFF	0.479121450241785	0.543321457457491	#C77CFF
#C77CFF	0.457850537610636	0.556233220063787	#C77CFF
#00BE67	0.579661293477992	0.283879552070653	#00BE67
#00BFC4	0.529364176786689	0.46992182378202	#00BFC4
#00BFC4	0.584104935571847	0.475844384195524	#00BFC4
#7CAE00	0.589242362725586	0.501189936107849	#7CAE00
#00BFC4	0.564260674625016	0.444847867811979	#00BFC4
#CD9600	0.517285856419038	0.49045217414096	#CD9600
#00BFC4	0.604487147424044	0.458306620713001	#00BFC4
#00BFC4	0.545892864836847	0.489033237236667	#00BFC4
#7CAE00	0.65335282019231	0.528338018667994	#7CAE00
#FF61CC	0.640115063378924	0.406042579464917	#FF61CC
#FF61CC	0.576573672103224	0.381743125276628	#FF61CC
#FF61CC	0.668337209549613	0.403253338878427	#FF61CC
#7CAE00	0.663593782289008	0.536745653603034	#7CAE00
#00A9FF	0.500599356719175	0.377850931531571	#00A9FF
#7CAE00	0.674236483696849	0.523283065728696	#7CAE00
#00BFC4	0.533397817298716	0.462784152125815	#00BFC4
#00A9FF	0.599088216674666	0.415686784305303	#00A9FF
#7CAE00	0.628539082384055	0.521846485789518	#7CAE00
#7CAE00	0.580107605462585	0.495049082971073	#7CAE00
#FF61CC	0.66018353500177	0.449642045938443	#FF61CC
#FF61CC	0.528937795815648	0.37672291791407	#FF61CC
#00BFC4	0.598602407606592	0.475995987856336	#00BFC4
#00BE67	0.557792239861628	0.358511571354172	#00BE67
#00BFC4	0.529130576618121	0.468558464480157	#00BFC4
#FF61CC	0.545398963752255	0.368926454775767	#FF61CC
#00BFC4	0.498157540887369	0.453674678335711	#00BFC4
#00BFC4	0.489467804638842	0.456707480491049	#00BFC4
#00BFC4	0.53542903331413	0.481743961919648	#00BFC4
#C77CFF	0.524406381500887	0.564146541286162	#C77CFF
#00BFC4	0.49034345090839	0.452526145453342	#00BFC4
#C77CFF	0.510632342452773	0.546213022500188	#C77CFF
#C77CFF	0.514922385868463	0.559123457693616	#C77CFF
#C77CFF	0.495462238018694	0.5618969479415	#C77CFF
#00BFC4	0.448450114060334	0.430108084308036	#00BFC4
#C77CFF	0.481193000781244	0.561867844122608	#C77CFF
#CD9600	0.440023456024245	0.489140490902027	#CD9600
#C77CFF	0.522112679372973	0.535308139710909	#C77CFF
#C77CFF	0.519243733420069	0.550332683596333	#C77CFF
#C77CFF	0.597185472835467	0.550771006901087	#C77CFF
#C77CFF	0.533801395534662	0.53729831044599	#C77CFF
#C77CFF	0.567400652236495	0.551048466005473	#C77CFF
#C77CFF	0.477830386739258	0.535433995154482	#C77CFF
#C77CFF	0.505920080757703	0.542813679562416	#C77CFF
#C77CFF	0.574284989074915	0.559394795668489	#C77CFF
#C77CFF	0.571907481869366	0.573010056649095	#C77CFF
#C77CFF	0.44544688986314	0.531639007615385	#C77CFF
#CD9600	0.456702033590466	0.515526867450078	#CD9600
#C77CFF	0.585323969997492	0.559363184289148	#C77CFF
#C77CFF	0.583971998577553	0.576072073325452	#C77CFF
#C77CFF	0.506448812424684	0.546075731062989	#C77CFF
#C77CFF	0.542396595963005	0.574237451926626	#C77CFF
#00BFC4	0.533197845032921	0.44604520052729	#00BFC4
#00BFC4	0.522228802415881	0.442768246729312	#00BFC4
#00BE67	0.586693101640488	0.329717286597342	#00BE67
#00BE67	0.535820356841898	0.273132136104288	#00BE67
#00BE67	0.516493907969239	0.316000069830067	#00BE67
#00BE67	0.549475356980311	0.331158918220577	#00BE67
#00BE67	0.578263527737605	0.336303063540049	#00BE67
#00BE67	0.579766106511169	0.315458763068993	#00BE67
#00BE67	0.516852894564351	0.324759711919674	#00BE67
#00BE67	0.507789681536181	0.333046285127787	#00BE67
#00BE67	0.583703869953016	0.334571725340759	#00BE67
#00BFC4	0.54122112651608	0.412136353641543	#00BFC4
#00BE67	0.580901197288798	0.326240777346812	#00BE67
#7CAE00	0.57778197578632	0.462780206450372	#7CAE00
#00BE67	0.565521013258808	0.347835716505875	#00BE67
#00BFC4	0.529488316388367	0.427054738097444	#00BFC4
#00BFC4	0.559247821635131	0.474851031979872	#00BFC4
#00BFC4	0.545043157331942	0.47027250352372	#00BFC4
#7CAE00	0.654692096207271	0.470294416767643	#7CAE00
#7CAE00	0.624932496535378	0.459040181649532	#7CAE00
#C77CFF	0.467677688403648	0.570308049180318	#C77CFF
#00BFC4	0.611070987392777	0.463513398717365	#00BFC4
#00BFC4	0.563633742121	0.461510833245329	#00BFC4
#C77CFF	0.494051871298459	0.536443687782531	#C77CFF
#00BFC4	0.557638823899096	0.446380129930382	#00BFC4
#00BFC4	0.5315652322991	0.446841984222503	#00BFC4
#00BE67	0.518713024257903	0.335495802594539	#00BE67
#00BFC4	0.519445985307468	0.421664745052927	#00BFC4
#C77CFF	0.555760677574543	0.544800974067509	#C77CFF
#CD9600	0.453366964242416	0.483886941253505	#CD9600
#C77CFF	0.559846006765597	0.564863282438631	#C77CFF
#C77CFF	0.354439336364164	0.520909038070033	#C77CFF
#CD9600	0.523182668229035	0.488965835625512	#CD9600
#C77CFF	0.600892677713165	0.563435852336883	#C77CFF
#C77CFF	0.521208147159494	0.53097424226906	#C77CFF
#C77CFF	0.459537257215468	0.552419974625633	#C77CFF
#C77CFF	0.5074020861379	0.546152307301955	#C77CFF
#00BFC4	0.49578487006579	0.406857055775782	#00BFC4
#00BFC4	0.555989397213888	0.454864709773926	#00BFC4
#00A9FF	0.484794630642949	0.40263134595224	#00A9FF
#00BFC4	0.507674181905707	0.450717862345548	#00BFC4
#00BFC4	0.570601789611926	0.463945559116803	#00BFC4
#00BE67	0.539235377400473	0.315355590571584	#00BE67
#00BFC4	0.546845515137631	0.463978129239473	#00BFC4
#00BFC4	0.557248533168066	0.459321697131487	#00BFC4
#00BFC4	0.584712012520058	0.471953972444613	#00BFC4
#00BFC4	0.567190339645073	0.478311090115877	#00BFC4
#00A9FF	0.427016975612571	0.361882794006767	#00A9FF
#C77CFF	0.56476897146901	0.587483295894812	#C77CFF
#C77CFF	0.554977772345628	0.564358491475669	#C77CFF
#7CAE00	0.627212426316325	0.490481621839009	#7CAE00
#00BFC4	0.487737085493114	0.440887222355868	#00BFC4
#00BE67	0.545846402958715	0.347883668297614	#00BE67
#00BFC4	0.5588643319505	0.466212709584605	#00BFC4
#00BE67	0.554077345845799	0.338280249464384	#00BE67
#00BE67	0.589903502399556	0.342550555478013	#00BE67
#00A9FF	0.562543104413823	0.401292886826414	#00A9FF
#00BFC4	0.514925912314933	0.463979936024005	#00BFC4
#00A9FF	0.446830026848615	0.378038460916706	#00A9FF
#C77CFF	0.519154657396289	0.555003427927933	#C77CFF
#00BE67	0.588291368633974	0.355706469726948	#00BE67
#00BFC4	0.552505685174642	0.466213188956269	#00BFC4
#00BFC4	0.563890239449791	0.445016881330645	#00BFC4
#00BE67	0.547620498232905	0.358205745769971	#00BE67
#00BE67	0.547478845809659	0.25288576465181	#00BE67
#00BFC4	0.546276543371736	0.4245874421033	#00BFC4
#00BE67	0.485812867707351	0.344641792182756	#00BE67
#00BE67	0.494698911204821	0.33830101492389	#00BE67
#00BE67	0.539875005309467	0.340027338002282	#00BE67
#00BFC4	0.549650605993835	0.442092635463152	#00BFC4
#00BE67	0.546198777357687	0.305139082454959	#00BE67
#00BE67	0.556746319532909	0.306516753980435	#00BE67
#00BFC4	0.498940446116285	0.434117160927551	#00BFC4
#00BFC4	0.592329266262791	0.414736737430031	#00BFC4
#00BE67	0.538349000388376	0.317055206689407	#00BE67
#00BFC4	0.554836245660006	0.401507123172118	#00BFC4
#C77CFF	0.381393127342291	0.565459141492622	#C77CFF
#00BFC4	0.43195093536654	0.444643587569105	#00BFC4
#00BFC4	0.486954180264199	0.460444739764028	#00BFC4
#00BFC4	0.480956220437875	0.450398793983189	#00BFC4
#C77CFF	0.438814931807103	0.555821235050064	#C77CFF
#CD9600	0.437445976552901	0.486016800284108	#CD9600
#CD9600	0.511386720842184	0.485612895662359	#CD9600
#C77CFF	0.541506553934056	0.555890141342397	#C77CFF
#CD9600	0.436137519831806	0.612417957029255	#CD9600
#CD9600	0.483011643551015	0.486211930689552	#CD9600
#CD9600	0.535680133959152	0.484998478966096	#CD9600
#C77CFF	0.451873056752551	0.55854640483667	#C77CFF
#CD9600	0.429414382519178	0.487227486479703	#CD9600
#C77CFF	0.495895187040624	0.554867574605727	#C77CFF
#CD9600	0.398314260007458	0.483753484789623	#CD9600
#CD9600	0.414902514725033	0.464547237196954	#CD9600
#C77CFF	0.505714648695505	0.561375927268266	#C77CFF
#C77CFF	0.476569815109954	0.553797756853236	#C77CFF
#00BFC4	0.493283941096126	0.451929027912807	#00BFC4
#00BFC4	0.514353181107058	0.441084380950097	#00BFC4
#C77CFF	0.377619743601036	0.53960772917188	#C77CFF
#C77CFF	0.44613830087629	0.546968676309092	#C77CFF
#C77CFF	0.421512463341285	0.541013066401254	#C77CFF
#CD9600	0.456478540752015	0.491513542831939	#CD9600
#C77CFF	0.476053873273082	0.555328359452393	#C77CFF
#C77CFF	0.471232056585993	0.544240630292499	#C77CFF
#C77CFF	0.491637071173285	0.545387614357747	#C77CFF
#C77CFF	0.472272082556134	0.533320845205816	#C77CFF
#C77CFF	0.573261777056161	0.562626784606841	#C77CFF
#C77CFF	0.574209685398103	0.561462501385865	#C77CFF
#CD9600	0.540403844234334	0.479469166295595	#CD9600
#C77CFF	0.561897078336817	0.571050538550026	#C77CFF
#C77CFF	0.553423504893037	0.558002811919398	#C77CFF
#C77CFF	0.575267148732063	0.567986604387011	#C77CFF
#C77CFF	0.541702861182998	0.552582166238869	#C77CFF
#00BFC4	0.503453358957992	0.445909236502958	#00BFC4
#00A9FF	0.454668355237813	0.375050992290531	#00A9FF
#C77CFF	0.525070606924529	0.552154910258203	#C77CFF
#C77CFF	0.502363388808501	0.562555481456185	#C77CFF
#00BFC4	0.522222719207044	0.452937761797527	#00BFC4
#00BFC4	0.465350219802578	0.441654791530063	#00BFC4
#00A9FF	0.423856657603235	0.358513513631216	#00A9FF
#00BFC4	0.508459410901478	0.437485961931437	#00BFC4
#C77CFF	0.518919715977725	0.539918758918067	#C77CFF
#C77CFF	0.496894255074288	0.519229528411601	#C77CFF
#C77CFF	0.53313046348975	0.534327772306004	#C77CFF
#C77CFF	0.549855458788852	0.550131210657123	#C77CFF
#00BFC4	0.526146181314619	0.41298001968304	#00BFC4
#C77CFF	0.541593929603413	0.570025464252907	#C77CFF
#C77CFF	0.509961410407862	0.543242484360202	#C77CFF
#C77CFF	0.503798491613765	0.666535811528164	#C77CFF
#C77CFF	0.561024473671687	0.570147116053625	#C77CFF
#00BFC4	0.491649004595448	0.446400194613971	#00BFC4
#CD9600	0.405855133131389	0.472541706970688	#CD9600
#00BFC4	0.455900475485359	0.446387799877015	#00BFC4
#C77CFF	0.484154064362347	0.537087798371477	#C77CFF
#00A9FF	0.422112071685411	0.381838352874575	#00A9FF
#00BFC4	0.53829369083775	0.421540807096012	#00BFC4
#C77CFF	0.571496183182793	0.511918750296001	#C77CFF
#00BFC4	0.593129608855526	0.4126231081097	#00BFC4
#00BFC4	0.572938433306127	0.389069978264436	#00BFC4
#C77CFF	0.508248128625953	0.544866114312849	#C77CFF
#C77CFF	0.490252548792562	0.533534344212443	#C77CFF
#C77CFF	0.484798434230183	0.537868721025956	#C77CFF
#00BFC4	0.549140029528237	0.444864097522251	#00BFC4
#00BE67	0.603319990527683	0.328903683118066	#00BE67
#00BFC4	0.492789555169481	0.421881009587415	#00BFC4
#00BFC4	0.444875984747312	0.432405998113976	#00BFC4
#00BFC4	0.485968450015328	0.395263945579135	#00BFC4
#C77CFF	0.409744872911061	0.48450161591718	#C77CFF
#00BFC4	0.467663966336556	0.384636521894242	#00BFC4
#00BFC4	0.446811512542806	0.404532324307147	#00BFC4
#00BFC4	0.556395972909	0.372561603424013	#00BFC4
#7CAE00	0.520987727237956	0.480886831695741	#7CAE00
#00BFC4	0.425447764445894	0.438609963307307	#00BFC4
#00BFC4	0.499752237289132	0.423074875998947	#00BFC4
#00BFC4	0.527986455452366	0.436488664040343	#00BFC4
#00BFC4	0.543142693114347	0.459949835977572	#00BFC4
#C77CFF	0.382918508850949	0.563299588569337	#C77CFF
#00BFC4	0.534629956513643	0.366835722233074	#00BFC4
#C77CFF	0.503830469441993	0.48169172057331	#C77CFF
#00BFC4	0.637171594699405	0.39617172419632	#00BFC4
#00A9FF	0.498643538805702	0.320281357256043	#00A9FF
#00BE67	0.63311027092306	0.293325024709305	#00BE67
#00BFC4	0.589168324841022	0.38623577281832	#00BFC4
#00BFC4	0.641684507541112	0.407963799771727	#00BFC4
#C77CFF	0.493751374428772	0.533304136123879	#C77CFF
#C77CFF	0.479419623344616	0.540135392122093	#C77CFF
#CD9600	0.496408181698207	0.521879670776361	#CD9600
#C77CFF	0.468215639309012	0.52177376931425	#C77CFF
#C77CFF	0.459488515715731	0.556677295828516	#C77CFF
#CD9600	0.517237114919301	0.494709495343843	#CD9600
#C77CFF	0.438439131260604	0.554749389108788	#C77CFF
#C77CFF	0.501199412086941	0.543258234698809	#C77CFF
#C77CFF	0.493832666889292	0.557608974102605	#C77CFF
#C77CFF	0.518082703877798	0.562492738069167	#C77CFF
#C77CFF	0.410942024005839	0.557492706092324	#C77CFF
#C77CFF	0.458895928952051	0.546554294437046	#C77CFF
#C77CFF	0.479413540135779	0.550304907190309	#C77CFF
#C77CFF	0.430841204086373	0.537520327440453	#C77CFF
#C77CFF	0.456203529117413	0.534501358137064	#C77CFF
#CD9600	0.433915941205903	0.471406158899066	#CD9600
#CD9600	0.41354884295067	0.500062193475368	#CD9600
#C77CFF	0.564306513090716	0.560865752514868	#C77CFF
#C77CFF	0.517993627854018	0.567163482400767	#C77CFF
#C77CFF	0.497435682146246	0.563826292776221	#C77CFF
#C77CFF	0.480029024059684	0.542570597365232	#C77CFF
#C77CFF	0.511634357665726	0.542032277536272	#C77CFF
#C77CFF	0.446424401986576	0.527579582345808	#C77CFF
#C77CFF	0.576489086191745	0.531230198574864	#C77CFF
#C77CFF	0.479335194854548	0.557457370441793	#C77CFF
#C77CFF	0.477142640742959	0.540151253162827	#C77CFF
#C77CFF	0.529225251008687	0.543776969215846	#C77CFF
#00BFC4	0.528835539544838	0.43011771351713	#00BFC4
#CD9600	0.342557713662379	0.484614707954259	#CD9600
#C77CFF	0.426336603795229	0.558426412555198	#C77CFF
#C77CFF	0.417589095658839	0.544428749751425	#C77CFF
#C77CFF	0.408362220767639	0.548043398480356	#C77CFF
#C77CFF	0.43609891697468	0.573035984494785	#C77CFF
#C77CFF	0.409462436817628	0.523937636582517	#C77CFF
#00BFC4	0.389295172257808	0.45414217438568	#00BFC4
#C77CFF	0.385738089891683	0.527400681650635	#C77CFF
#C77CFF	0.482423345216619	0.521267540236295	#C77CFF
#C77CFF	0.442882200221904	0.533307971097196	#C77CFF
#00BFC4	0.580242475806812	0.454663716206381	#00BFC4
#00BFC4	0.59907032578129	0.467312331931905	#00BFC4
#00BFC4	0.585384644919393	0.456118443342488	#00BFC4
#00A9FF	0.503009414885508	0.392797829732573	#00A9FF
#00BFC4	0.5803869999516	0.460697819839844	#00BFC4
#C77CFF	0.455255620775472	0.535665641358039	#C77CFF
#00BFC4	0.502595244477394	0.430992400864177	#00BFC4
#00A9FF	0.465854184072035	0.387379101538702	#00A9FF
#7CAE00	0.601119073585653	0.46717397104925	#7CAE00
#00BFC4	0.554222008560968	0.459504801469514	#00BFC4
#00BFC4	0.51631392982963	0.401679012920771	#00BFC4
#00BFC4	0.56132126137927	0.401507233874244	#00BFC4
#7CAE00	0.59829654536563	0.471615576737742	#7CAE00
#00BFC4	0.560300014022945	0.443592216756759	#00BFC4
#00BFC4	0.526082949630352	0.431250754028303	#00BFC4
#7CAE00	0.627836317215923	0.478903413939767	#7CAE00
#00A9FF	0.553754543915827	0.399119021679515	#00A9FF
#C77CFF	0.568874250640997	0.558230991819177	#C77CFF
