colour	y	x	fill
#F8766D	0.63004811038961	0.323394553030303	#F8766D
#A3A500	0.796945045454546	0.28644025	#A3A500
#A3A500	0.68988624025974	0.328031522727273	#A3A500
#A3A500	0.759953694805195	0.344121007575758	#A3A500
#A3A500	0.714054051948052	0.167089462121212	#A3A500
#A3A500	0.687697487012987	0.357345143939394	#A3A500
#A3A500	0.663490597402597	0.22482928030303	#A3A500
#A3A500	0.711537272727273	0.191897143939394	#A3A500
#A3A500	0.632033090909091	0.336152651515152	#A3A500
#A3A500	0.708233967532468	0.315725734848485	#A3A500
#A3A500	0.655815987012987	0.218194424242424	#A3A500
#A3A500	0.680556746753247	0.274711818181818	#A3A500
#A3A500	0.685877266233766	0.197802227272727	#A3A500
#A3A500	0.663713155844156	0.315045174242424	#A3A500
#A3A500	0.637199045454545	0.255933015151515	#A3A500
#A3A500	0.654072246753247	0.13106253030303	#A3A500
#A3A500	0.696368818181818	0.236453439393939	#A3A500
#A3A500	0.766946454545455	0.25750503030303	#A3A500
#A3A500	0.717240668831169	0.253914212121212	#A3A500
#A3A500	0.670136474025974	0.274839015151515	#A3A500
#A3A500	0.748485707792208	0.345963242424242	#A3A500
#A3A500	0.669316857142857	0.207801992424242	#A3A500
#A3A500	0.771183285714286	0.316175931818182	#A3A500
#A3A500	0.749747415584416	0.252684833333333	#A3A500
#A3A500	0.634182357142857	0.359788893939394	#A3A500
#A3A500	0.658292272727273	0.303095962121212	#A3A500
#A3A500	0.635560824675325	0.311209174242424	#A3A500
#A3A500	0.677203837662338	0.322294242424242	#A3A500
#A3A500	0.686744272727273	0.228348348484849	#A3A500
#A3A500	0.637677266233766	0.222985439393939	#A3A500
#A3A500	0.704688051948052	0.301489636363636	#A3A500
#A3A500	0.641165279220779	0.245581007575758	#A3A500
#A3A500	0.69056237012987	0.378693318181818	#A3A500
#A3A500	0.644100220779221	0.322896454545455	#A3A500
#A3A500	0.788620688311688	0.325106954545455	#A3A500
#A3A500	0.701542097402598	0.181167590909091	#A3A500
#A3A500	0.683278753246753	0.32446046969697	#A3A500
#A3A500	0.704978292207792	0.154881295454545	#A3A500
#A3A500	0.647503623376623	0.316307204545455	#A3A500
#A3A500	0.673606837662338	0.334602113636364	#A3A500
#A3A500	0.684115363636363	0.326068	#A3A500
#A3A500	0.739891448051948	0.371368333333333	#A3A500
#A3A500	0.718960909090909	0.350987666666667	#A3A500
#A3A500	0.699338084415584	0.159295378787879	#A3A500
#A3A500	0.67401837012987	0.339351325757576	#A3A500
#A3A500	0.685191357142857	0.258673242424242	#A3A500
#A3A500	0.712669155844156	0.342780265151515	#A3A500
#A3A500	0.664978207792208	0.21768746969697	#A3A500
#A3A500	0.819277272727273	0.32130825	#A3A500
#A3A500	0.574959512987013	0.287099356060606	#A3A500
#A3A500	0.736384766233766	0.217042818181818	#A3A500
#A3A500	0.637789662337662	0.289559939393939	#A3A500
#A3A500	0.686835941558442	0.353545159090909	#A3A500
#A3A500	0.738948045454545	0.193714666666667	#A3A500
#A3A500	0.71260188961039	0.223860886363636	#A3A500
#A3A500	0.659664266233766	0.216731825757576	#A3A500
#A3A500	0.650032344155844	0.354665545454546	#A3A500
#A3A500	0.726332948051948	0.289322265151515	#A3A500
#00BF7D	0.744372428571429	0.299538257575758	#00BF7D
#00BF7D	0.667946857142857	0.308720757575758	#00BF7D
#00BF7D	0.693347980519481	0.267602204545455	#00BF7D
#00BF7D	0.644991350649351	0.363042393939394	#00BF7D
#00BF7D	0.72837074025974	0.242171704545455	#00BF7D
#00BF7D	0.685289097402597	0.198063121212121	#00BF7D
#00BF7D	0.737665006493507	0.250623265151515	#00BF7D
#00BF7D	0.726115201298701	0.318920333333333	#00BF7D
#00BF7D	0.711437207792208	0.297823022727273	#00BF7D
#00BF7D	0.708176616883117	0.194497666666667	#00BF7D
#00BF7D	0.756885311688312	0.317536689393939	#00BF7D
#00BF7D	0.693205272727273	0.340196159090909	#00BF7D
#00BF7D	0.703921383116883	0.358955621212121	#00BF7D
#00BF7D	0.680793032467532	0.300883924242424	#00BF7D
#00BF7D	0.64870925974026	0.339473833333333	#00BF7D
#00BF7D	0.702719824675325	0.26256103030303	#00BF7D
#00BF7D	0.719872642857143	0.286999439393939	#00BF7D
#00BF7D	0.725588253246753	0.327755424242424	#00BF7D
#00BF7D	0.716302811688312	0.260483787878788	#00BF7D
#00BF7D	0.672423857142857	0.330787636363636	#00BF7D
#00BF7D	0.717547915584416	0.26030803030303	#00BF7D
#00BF7D	0.647472103896104	0.31684625	#00BF7D
#00BF7D	0.741126448051948	0.300478742424242	#00BF7D
#00BF7D	0.658125928571429	0.250123189393939	#00BF7D
#00BF7D	0.635270707792208	0.342963712121212	#00BF7D
#00BF7D	0.686801188311688	0.217470825757576	#00BF7D
#00BF7D	0.68022687012987	0.218867810606061	#00BF7D
#00BF7D	0.685117733766234	0.332480204545455	#00BF7D
#00BF7D	0.630435201298701	0.173637212121212	#00BF7D
#00BF7D	0.696797688311688	0.221514393939394	#00BF7D
#00BF7D	0.761162623376623	0.226256742424242	#00BF7D
#00BF7D	0.747336279220779	0.279358310606061	#00BF7D
#00BF7D	0.69107051948052	0.341766674242424	#00BF7D
#00BF7D	0.687956714285714	0.300965681818182	#00BF7D
#00BF7D	0.712062311688312	0.345766363636364	#00BF7D
#00BF7D	0.72949712987013	0.335333318181818	#00BF7D
#00BF7D	0.671940337662338	0.338867712121212	#00BF7D
#00BF7D	0.749112012987013	0.293403098484848	#00BF7D
#00BF7D	0.726868961038961	0.282444787878788	#00BF7D
#00BF7D	0.661870590909091	0.320867477272727	#00BF7D
#00BF7D	0.777947116883117	0.225512651515152	#00BF7D
#00BF7D	0.706233214285714	0.30480653030303	#00BF7D
#00BF7D	0.716888564935065	0.32066203030303	#00BF7D
#00BF7D	0.720275064935065	0.300114310606061	#00BF7D
#00BF7D	0.740418961038961	0.165703484848485	#00BF7D
#00BF7D	0.710159863636364	0.280468212121212	#00BF7D
#00BF7D	0.751034350649351	0.282048401515151	#00BF7D
#00BF7D	0.745768162337662	0.276547886363636	#00BF7D
#00BF7D	0.703798493506493	0.322073204545455	#00BF7D
#00BF7D	0.664869922077922	0.342484340909091	#00BF7D
#00BF7D	0.743718077922078	0.29332875	#00BF7D
#00BF7D	0.630391883116883	0.308601689393939	#00BF7D
#00BF7D	0.695072266233766	0.254154340909091	#00BF7D
#00BF7D	0.710033590909091	0.140571310606061	#00BF7D
#00BF7D	0.699914987012987	0.342517696969697	#00BF7D
#00BF7D	0.668079928571429	0.353220583333333	#00BF7D
#00BF7D	0.737053896103896	0.341302159090909	#00BF7D
#00BF7D	0.62694625974026	0.431146	#00BF7D
#00BF7D	0.758532922077922	0.345874590909091	#00BF7D
#00BF7D	0.612128266233766	0.345361212121212	#00BF7D
#00BF7D	0.774039077922078	0.141746939393939	#00BF7D
#00BF7D	0.700054636363636	0.280376803030303	#00BF7D
#00BF7D	0.653499467532467	0.308801613636364	#00BF7D
#00BF7D	0.677418512987013	0.346342575757576	#00BF7D
#00BF7D	0.711708246753247	0.258934803030303	#00BF7D
#00BF7D	0.701810201298701	0.271888159090909	#00BF7D
#00BF7D	0.770971266233766	0.293040113636364	#00BF7D
#00BF7D	0.742750987012987	0.308645265151515	#00BF7D
#00BF7D	0.830843506493507	0.302163060606061	#00BF7D
#00BF7D	0.722599428571429	0.276925098484848	#00BF7D
#00BF7D	0.702137253246753	0.268875378787879	#00BF7D
#00BF7D	0.680702714285714	0.313645318181818	#00BF7D
#00BF7D	0.67513087012987	0.342792507575758	#00BF7D
#00BF7D	0.720299727272727	0.337844462121212	#00BF7D
#00BF7D	0.655469435064935	0.243970174242424	#00BF7D
#00BF7D	0.713305246753247	0.138376924242424	#00BF7D
#00BF7D	0.636614980519481	0.351857696969697	#00BF7D
#00BF7D	0.68358861038961	0.314661484848485	#00BF7D
#00BF7D	0.645220863636364	0.309496689393939	#00BF7D
#00BF7D	0.713401084415584	0.241964189393939	#00BF7D
#00BF7D	0.688909162337662	0.280669636363636	#00BF7D
#00BF7D	0.672611681818182	0.310104621212121	#00BF7D
#00BF7D	0.763445584415585	0.307441106060606	#00BF7D
#00BF7D	0.695328136363637	0.287980310606061	#00BF7D
#00BF7D	0.683628876623377	0.337563886363636	#00BF7D
#00BF7D	0.763680506493507	0.291736651515151	#00BF7D
#00BF7D	0.758790551948052	0.162077795454545	#00BF7D
#00BF7D	0.710203675324675	0.19260253030303	#00BF7D
#00BF7D	0.675226064935065	0.23554175	#00BF7D
#00BF7D	0.697827941558442	0.260564189393939	#00BF7D
#00BF7D	0.709034324675325	0.279979916666667	#00BF7D
#00BF7D	0.730048422077922	0.280533893939394	#00BF7D
#00BF7D	0.741050025974026	0.293763863636364	#00BF7D
#00BF7D	0.844090532467532	0.290276742424242	#00BF7D
#00BF7D	0.639150694805195	0.381754825757576	#00BF7D
#00BF7D	0.689194051948052	0.328541393939394	#00BF7D
#00BF7D	0.640447435064935	0.219156462121212	#00BF7D
#00BF7D	0.748744123376623	0.291981818181818	#00BF7D
#00BF7D	0.722710162337662	0.201476628787879	#00BF7D
#00BF7D	0.603834305194805	0.268809886363636	#00BF7D
#00BF7D	0.755609532467532	0.261501166666667	#00BF7D
#00BF7D	0.750590571428571	0.203311507575758	#00BF7D
#00BF7D	0.760379980519481	0.27208603030303	#00BF7D
#00BF7D	0.725312305194805	0.189492356060606	#00BF7D
#00BF7D	0.684066188311688	0.279991659090909	#00BF7D
#00BF7D	0.648879772727273	0.315284068181818	#00BF7D
#00BF7D	0.726575675324675	0.283434454545455	#00BF7D
#00BF7D	0.759860084415584	0.271668931818182	#00BF7D
#00BF7D	0.73973175974026	0.276147401515151	#00BF7D
#00BF7D	0.741153714285714	0.221272901515152	#00BF7D
#00BF7D	0.68344424025974	0.296539704545455	#00BF7D
#00BF7D	0.653924324675325	0.337636939393939	#00BF7D
#00BF7D	0.658371357142857	0.211656454545455	#00BF7D
#00BF7D	0.681975292207792	0.36000778030303	#00BF7D
#00BF7D	0.658321850649351	0.307882742424242	#00BF7D
#00BF7D	0.709176785714286	0.308978787878788	#00BF7D
#00BF7D	0.646541571428571	0.289534136363636	#00BF7D
#00BF7D	0.662725	0.344969893939394	#00BF7D
#00BF7D	0.708715285714286	0.278206848484848	#00BF7D
#00BF7D	0.708485935064935	0.310078416666667	#00BF7D
#00BF7D	0.727413590909091	0.341012257575758	#00BF7D
#00BF7D	0.679066363636364	0.26858103030303	#00BF7D
#00BF7D	0.723319766233766	0.271606803030303	#00BF7D
#00BF7D	0.733732428571429	0.211886909090909	#00BF7D
#00BF7D	0.724251155844156	0.279046992424242	#00BF7D
#00BF7D	0.696623519480519	0.3258475	#00BF7D
#00BF7D	0.713756954545455	0.250001863636364	#00BF7D
#00BF7D	0.674453551948052	0.192058113636364	#00BF7D
#00BF7D	0.660010324675325	0.303302090909091	#00BF7D
#00BF7D	0.659554506493507	0.183828507575758	#00BF7D
#00BF7D	0.669602233766234	0.179506878787879	#00BF7D
#00BF7D	0.701862961038961	0.262351189393939	#00BF7D
#00BF7D	0.691390753246753	0.285058446969697	#00BF7D
#00BF7D	0.784148642857143	0.246869939393939	#00BF7D
#00BF7D	0.718835019480519	0.287975295454545	#00BF7D
#00BF7D	0.824712837662338	0.342645462121212	#00BF7D
#00BF7D	0.708292707792208	0.298398181818182	#00BF7D
#00BF7D	0.756272532467532	0.148679265151515	#00BF7D
#00BF7D	0.728571792207792	0.340148287878788	#00BF7D
#00BF7D	0.695248688311688	0.230995454545455	#00BF7D
#00BF7D	0.695908922077922	0.262372606060606	#00BF7D
#00BF7D	0.691934746753247	0.207645507575758	#00BF7D
#00BF7D	0.696704655844156	0.328628712121212	#00BF7D
#00BF7D	0.706233045454545	0.322149772727273	#00BF7D
#00BF7D	0.678822941558442	0.255052606060606	#00BF7D
#00BF7D	0.724810993506494	0.235660234848485	#00BF7D
#00BF7D	0.675226090909091	0.289868462121212	#00BF7D
#00BF7D	0.697282961038961	0.30113671969697	#00BF7D
#00BF7D	0.712848727272727	0.306835659090909	#00BF7D
#00BF7D	0.773217564935065	0.245137954545455	#00BF7D
#00BF7D	0.744936201298701	0.308444090909091	#00BF7D
#00BF7D	0.659110194805195	0.217397212121212	#00BF7D
#00BF7D	0.695437357142857	0.305205401515152	#00BF7D
#00BF7D	0.678551123376623	0.370368833333333	#00BF7D
#00BF7D	0.716094220779221	0.362008174242424	#00BF7D
#00BF7D	0.714183324675325	0.181386575757576	#00BF7D
#00BF7D	0.799413538961039	0.284239257575758	#00BF7D
#00BF7D	0.686143785714286	0.312406083333333	#00BF7D
#00BF7D	0.678944642857143	0.256227651515152	#00BF7D
#00BF7D	0.677614012987013	0.278722583333333	#00BF7D
#00BF7D	0.729552941558442	0.233524909090909	#00BF7D
#00BF7D	0.730765233766234	0.257813946969697	#00BF7D
#00BF7D	0.710541051948052	0.201379659090909	#00BF7D
#00BF7D	0.71498474025974	0.349395613636364	#00BF7D
#00BF7D	0.632760792207792	0.349606363636364	#00BF7D
#00BF7D	0.692053493506493	0.308094151515151	#00BF7D
#00BF7D	0.679523642857143	0.299913371212121	#00BF7D
#00BF7D	0.626445987012987	0.299418893939394	#00BF7D
#00BF7D	0.69519498051948	0.228497181818182	#00BF7D
#00BF7D	0.702247350649351	0.230502310606061	#00BF7D
#00BF7D	0.749180474025974	0.317260545454545	#00BF7D
#00BF7D	0.753483019480519	0.312200386363636	#00BF7D
#00BF7D	0.685811941558442	0.18083146969697	#00BF7D
#00BF7D	0.752568837662338	0.245991886363636	#00BF7D
#00BF7D	0.678156155844156	0.283639356060606	#00BF7D
#00BF7D	0.69273974025974	0.284076696969697	#00BF7D
#00BF7D	0.627800512987013	0.264642757575758	#00BF7D
#00BF7D	0.617204597402597	0.235526704545455	#00BF7D
#00BF7D	0.661374162337662	0.277399477272727	#00BF7D
#00BF7D	0.647488272727273	0.276115977272727	#00BF7D
#00BF7D	0.699448214285714	0.142414090909091	#00BF7D
#00BF7D	0.657685603896104	0.210126431818182	#00BF7D
#00BF7D	0.629387006493507	0.228985727272727	#00BF7D
#00BF7D	0.700766409090909	0.251884734848485	#00BF7D
#00BF7D	0.631070415584416	0.290588568181818	#00BF7D
#00BF7D	0.688168454545454	0.312707659090909	#00BF7D
#00BF7D	0.72324975974026	0.265216204545455	#00BF7D
#00BF7D	0.694107551948052	0.291613840909091	#00BF7D
#00BF7D	0.736202324675325	0.321332553030303	#00BF7D
#00BF7D	0.72774138961039	0.339551477272727	#00BF7D
#00BF7D	0.676629805194805	0.195168651515152	#00BF7D
#00BF7D	0.704209441558442	0.248653295454545	#00BF7D
#00BF7D	0.691198077922078	0.204657325757576	#00BF7D
#00BF7D	0.658064642857143	0.150776090909091	#00BF7D
#00BF7D	0.718211987012987	0.134466060606061	#00BF7D
#00BF7D	0.667326493506494	0.226163507575758	#00BF7D
#00BF7D	0.694956948051948	0.19599578030303	#00BF7D
#00BF7D	0.699129201298701	0.153634803030303	#00BF7D
#00BF7D	0.663404545454545	0.32180928030303	#00BF7D
#00BF7D	0.739989383116883	0.104034333333333	#00BF7D
#00BF7D	0.710584727272727	0.219489553030303	#00BF7D
#00BF7D	0.741884584415584	0.25709071969697	#00BF7D
#00BF7D	0.745385025974026	0.306781833333333	#00BF7D
#00BF7D	0.669741441558442	0.279122416666667	#00BF7D
#00BF7D	0.682877038961039	0.250153886363636	#00BF7D
#00BF7D	0.6136055	0.25433925	#00BF7D
#00BF7D	0.689803824675325	0.202232871212121	#00BF7D
#00BF7D	0.689908902597403	0.284602871212121	#00BF7D
#00BF7D	0.651109805194805	0.278819136363636	#00BF7D
#00BF7D	0.665350798701299	0.255080068181818	#00BF7D
#00BF7D	0.67357488961039	0.3096355	#00BF7D
#00BF7D	0.706698051948052	0.264638977272727	#00BF7D
#00BF7D	0.663349967532467	0.281777583333333	#00BF7D
#00BF7D	0.732079961038961	0.295406916666667	#00BF7D
#00BF7D	0.636072857142857	0.214482803030303	#00BF7D
#00BF7D	0.636289396103896	0.150339833333333	#00BF7D
#00BF7D	0.703442707792208	0.143134113636364	#00BF7D
#00BF7D	0.670107006493507	0.271261848484849	#00BF7D
#00BF7D	0.750760941558442	0.255488484848485	#00BF7D
#00BF7D	0.677961857142857	0.345751113636364	#00BF7D
#00BF7D	0.677365766233766	0.2942105	#00BF7D
#00BF7D	0.722121012987013	0.281187386363636	#00BF7D
#00BF7D	0.692813032467533	0.337677772727273	#00BF7D
#00BF7D	0.692180785714286	0.324019628787879	#00BF7D
#00BF7D	0.724884753246753	0.384621098484849	#00BF7D
#00BF7D	0.768360805194805	0.279588431818182	#00BF7D
#00BF7D	0.71326674025974	0.319955992424242	#00BF7D
#00BF7D	0.698878954545455	0.308146060606061	#00BF7D
#00BF7D	0.738893181818182	0.2781935	#00BF7D
#00BF7D	0.679992025974026	0.335520371212121	#00BF7D
#00BF7D	0.773046948051948	0.203274159090909	#00BF7D
#00BF7D	0.707693305194805	0.270096628787879	#00BF7D
#00BF7D	0.728362149350649	0.291732765151515	#00BF7D
#00BF7D	0.738609123376623	0.362575560606061	#00BF7D
#00BF7D	0.750655116883117	0.334402431818182	#00BF7D
#00BF7D	0.684615285714286	0.27128821969697	#00BF7D
#00BF7D	0.708511564935065	0.210067825757576	#00BF7D
#00BF7D	0.68459487012987	0.230720507575758	#00BF7D
#00BF7D	0.712902097402597	0.239306643939394	#00BF7D
#00BF7D	0.722498376623377	0.283105659090909	#00BF7D
#00BF7D	0.698213045454546	0.31808975	#00BF7D
#00BF7D	0.74665961038961	0.344166727272727	#00BF7D
#00BF7D	0.731404694805195	0.311737212121212	#00BF7D
#00BF7D	0.666264785714286	0.371528848484848	#00BF7D
#00BF7D	0.695883168831169	0.191205363636364	#00BF7D
#00BF7D	0.619677616883117	0.184680712121212	#00BF7D
#00BF7D	0.668021350649351	0.364914128787879	#00BF7D
#00BF7D	0.707049727272727	0.324053393939394	#00BF7D
#00BF7D	0.720229279220779	0.302885295454545	#00BF7D
#00BF7D	0.732154707792208	0.355023863636364	#00BF7D
#00BF7D	0.69163812987013	0.26648028030303	#00BF7D
#00BF7D	0.72066775974026	0.320560015151515	#00BF7D
#00BF7D	0.687582409090909	0.315540310606061	#00BF7D
#00BF7D	0.670590694805195	0.356145227272727	#00BF7D
#00BF7D	0.700346214285714	0.306795537878788	#00BF7D
#00BF7D	0.690339116883117	0.313867143939394	#00BF7D
#00BF7D	0.591275422077922	0.363014045454545	#00BF7D
#00BF7D	0.681425584415584	0.203634659090909	#00BF7D
#00BF7D	0.733372961038961	0.210050174242424	#00BF7D
#00BF7D	0.741669883116883	0.212962712121212	#00BF7D
#00BF7D	0.702224467532467	0.243348575757576	#00BF7D
#00BF7D	0.727113915584416	0.233697174242424	#00BF7D
#00BF7D	0.747658603896104	0.310934825757576	#00BF7D
#00BF7D	0.718419071428571	0.353185825757576	#00BF7D
#00BF7D	0.680850194805195	0.328078439393939	#00BF7D
#00BF7D	0.692137844155844	0.156582704545455	#00BF7D
#00BF7D	0.676987818181818	0.217172598484849	#00BF7D
#00BF7D	0.656453344155844	0.311490272727273	#00BF7D
#00BF7D	0.734659675324675	0.283238742424242	#00BF7D
#00BF7D	0.677555344155844	0.2502735	#00BF7D
#00BF7D	0.6506955	0.316050007575758	#00BF7D
#00BF7D	0.676737571428571	0.308462840909091	#00BF7D
#00BF7D	0.680912012987013	0.255636393939394	#00BF7D
#00BF7D	0.665722636363636	0.259199333333333	#00BF7D
#00BF7D	0.743045779220779	0.29100546969697	#00BF7D
#00BF7D	0.648264058441558	0.321542803030303	#00BF7D
#00BF7D	0.675257480519481	0.257234727272727	#00BF7D
#00BF7D	0.673893454545455	0.255869977272727	#00BF7D
#00BF7D	0.688927532467533	0.173802924242424	#00BF7D
#00BF7D	0.678321194805195	0.29939025	#00BF7D
#00BF7D	0.788042428571429	0.282323643939394	#00BF7D
#00BF7D	0.728333493506494	0.324920704545455	#00BF7D
#00BF7D	0.628987116883117	0.211637121212121	#00BF7D
#00BF7D	0.674257318181818	0.340629704545454	#00BF7D
#00BF7D	0.649866980519481	0.207177689393939	#00BF7D
#00BF7D	0.658516454545454	0.192541371212121	#00BF7D
#00BF7D	0.674779402597403	0.185983833333333	#00BF7D
#00BF7D	0.720172811688312	0.146741151515152	#00BF7D
#00BF7D	0.741379961038961	0.188548992424242	#00BF7D
#00BF7D	0.743817909090909	0.146205613636364	#00BF7D
#00BF7D	0.738374266233766	0.329498265151515	#00BF7D
#00BF7D	0.674441012987013	0.194816537878788	#00BF7D
#00BF7D	0.730091564935065	0.30109421969697	#00BF7D
#00BF7D	0.653767123376623	0.230306575757576	#00BF7D
#00BF7D	0.736915	0.357318916666667	#00BF7D
#00BF7D	0.64785712987013	0.333644772727273	#00BF7D
#00BF7D	0.675360779220779	0.418278484848485	#00BF7D
#00BF7D	0.649934435064935	0.218987098484848	#00BF7D
#00BF7D	0.684894824675325	0.229386371212121	#00BF7D
#00BF7D	0.662677149350649	0.248725522727273	#00BF7D
#00BF7D	0.638578233766234	0.217874143939394	#00BF7D
#00BF7D	0.678601123376623	0.213234522727273	#00BF7D
#00BF7D	0.673098805194805	0.142482477272727	#00BF7D
#00BF7D	0.741622123376623	0.314868643939394	#00BF7D
#00BF7D	0.754240876623377	0.231077348484849	#00BF7D
#00BF7D	0.670945987012987	0.229082401515151	#00BF7D
#00BF7D	0.682207525974026	0.321645734848485	#00BF7D
#00BF7D	0.796706084415584	0.274354939393939	#00BF7D
#00BF7D	0.69515725974026	0.233027560606061	#00BF7D
#00BF7D	0.661545266233766	0.357957409090909	#00BF7D
#00BF7D	0.691386376623377	0.256926446969697	#00BF7D
#00BF7D	0.719752162337662	0.290541924242424	#00BF7D
#00BF7D	0.648633603896104	0.195959545454545	#00BF7D
#00BF7D	0.673862142857143	0.185767181818182	#00BF7D
#00BF7D	0.655141136363636	0.17661603030303	#00BF7D
#00BF7D	0.684222149350649	0.361942416666667	#00BF7D
#00BF7D	0.67267961038961	0.378468757575758	#00BF7D
#00BF7D	0.758116818181818	0.160611159090909	#00BF7D
#00BF7D	0.726206090909091	0.287042371212121	#00BF7D
#00BF7D	0.710755668831169	0.266571196969697	#00BF7D
#00BF7D	0.618626753246753	0.215861606060606	#00BF7D
#00BF7D	0.821764337662338	0.244976477272727	#00BF7D
#00BF7D	0.690227857142857	0.236942818181818	#00BF7D
#00BF7D	0.697563701298701	0.354469060606061	#00BF7D
#00BF7D	0.696924883116883	0.238654037878788	#00BF7D
#00BF7D	0.638512084415584	0.181384265151515	#00BF7D
#00BF7D	0.674390616883117	0.201187712121212	#00BF7D
#00BF7D	0.798224077922078	0.236995477272727	#00BF7D
#00BF7D	0.73955974025974	0.321223287878788	#00BF7D
#00BF7D	0.64793387012987	0.153158128787879	#00BF7D
#00BF7D	0.807186181818182	0.266342628787879	#00BF7D
#00BF7D	0.617706038961039	0.239154522727273	#00BF7D
#00BF7D	0.649870422077922	0.2174945	#00BF7D
#00BF7D	0.708548422077922	0.348016522727273	#00BF7D
#00BF7D	0.813598571428572	0.31246103030303	#00BF7D
#00BF7D	0.630588603896104	0.241303666666667	#00BF7D
#00BF7D	0.70741537012987	0.358336931818182	#00BF7D
#00BF7D	0.704735279220779	0.196734295454545	#00BF7D
#00BF7D	0.708240571428571	0.318553886363636	#00BF7D
#00BF7D	0.633896292207792	0.315978007575758	#00BF7D
#00BF7D	0.707623558441559	0.305392409090909	#00BF7D
#00BF7D	0.696983831168831	0.211844787878788	#00BF7D
#00BF7D	0.749714311688312	0.280769409090909	#00BF7D
#00BF7D	0.664729590909091	0.33023971969697	#00BF7D
#00BF7D	0.71069637012987	0.212301022727273	#00BF7D
#00BF7D	0.705032701298701	0.289027477272727	#00BF7D
#00BF7D	0.720368766233766	0.215732810606061	#00BF7D
#00BF7D	0.680378733766234	0.356180628787879	#00BF7D
#00BF7D	0.629575097402597	0.296525113636364	#00BF7D
#00BF7D	0.697260253246753	0.303284333333333	#00BF7D
#00BF7D	0.682376798701299	0.309997166666667	#00BF7D
#00BF7D	0.679349993506494	0.198198507575758	#00BF7D
#00BF7D	0.724786214285714	0.273137871212121	#00BF7D
#00BF7D	0.704729571428572	0.369387704545455	#00BF7D
#00BF7D	0.703601818181818	0.198095477272727	#00BF7D
#00BF7D	0.662350272727273	0.220693901515151	#00BF7D
#00BF7D	0.677373584415584	0.327306143939394	#00BF7D
#00BF7D	0.667795850649351	0.279303265151515	#00BF7D
#00BF7D	0.686047532467532	0.284939803030303	#00BF7D
#00BF7D	0.67029861038961	0.238752409090909	#00BF7D
#00BF7D	0.690821941558442	0.293995333333333	#00BF7D
#00BF7D	0.696474694805195	0.333655712121212	#00BF7D
#00BF7D	0.688853350649351	0.227195378787879	#00BF7D
#00BF7D	0.758458545454545	0.221861159090909	#00BF7D
#00BF7D	0.640149103896104	0.217191	#00BF7D
#00BF7D	0.703203662337662	0.320344977272727	#00BF7D
#00BF7D	0.74676801948052	0.341981522727273	#00BF7D
#00BF7D	0.711741701298701	0.147374128787879	#00BF7D
#00BF7D	0.710023707792208	0.306355765151515	#00BF7D
#00BF7D	0.639722077922078	0.356355651515152	#00BF7D
#00BF7D	0.680220714285714	0.322867765151515	#00BF7D
#00BF7D	0.695297558441558	0.306444939393939	#00BF7D
#00BF7D	0.682728714285714	0.203109704545455	#00BF7D
#00BF7D	0.716307805194805	0.382485924242424	#00BF7D
#00BF7D	0.719226636363636	0.278950727272727	#00BF7D
#00BF7D	0.665955590909091	0.367078431818182	#00BF7D
#00BF7D	0.692277298701299	0.234819810606061	#00BF7D
#00BF7D	0.692494857142857	0.268057113636364	#00BF7D
#00BF7D	0.68936274025974	0.221755689393939	#00BF7D
#00BF7D	0.753437675324675	0.320326651515152	#00BF7D
#00BF7D	0.722772707792208	0.248685439393939	#00BF7D
#00BF7D	0.705421714285714	0.316972272727273	#00BF7D
#00BF7D	0.687647422077922	0.299969803030303	#00BF7D
#00BF7D	0.719048863636364	0.299164121212121	#00BF7D
#00BF7D	0.724885162337662	0.185892431818182	#00BF7D
#00BF7D	0.761035084415585	0.269271727272727	#00BF7D
#00BF7D	0.707212077922078	0.149726666666667	#00BF7D
#00BF7D	0.742018564935065	0.194605325757576	#00BF7D
#00BF7D	0.681538045454546	0.189246045454545	#00BF7D
#00BF7D	0.664765376623377	0.288328833333333	#00BF7D
#00BF7D	0.754474785714286	0.162016848484848	#00BF7D
#00BF7D	0.697241097402598	0.205295772727273	#00BF7D
#00BF7D	0.753269448051948	0.23648446969697	#00BF7D
#00BF7D	0.759775136363636	0.176610924242424	#00BF7D
#00BF7D	0.653325603896104	0.202309484848485	#00BF7D
#00BF7D	0.70930187012987	0.235535954545455	#00BF7D
#00BF7D	0.792223448051948	0.270300416666667	#00BF7D
#00BF7D	0.672429038961039	0.316272310606061	#00BF7D
#00BF7D	0.749758376623377	0.286937977272727	#00BF7D
#00B0F6	0.606466876623377	0.226487696969697	#00B0F6
#00B0F6	0.606923084415585	0.372071113636364	#00B0F6
#00B0F6	0.676149448051948	0.256965015151515	#00B0F6
#00B0F6	0.73862974025974	0.285736477272727	#00B0F6
#00B0F6	0.71396825974026	0.18680978030303	#00B0F6
#00B0F6	0.719878993506493	0.33125646969697	#00B0F6
#00B0F6	0.708926675324675	0.280405045454545	#00B0F6
#00B0F6	0.680231038961039	0.322045712121212	#00B0F6
#00B0F6	0.617943727272727	0.339509272727273	#00B0F6
#00B0F6	0.701911194805195	0.23082021969697	#00B0F6
#00B0F6	0.644089396103896	0.324701136363636	#00B0F6
#00B0F6	0.796950324675325	0.227565522727273	#00B0F6
#00B0F6	0.784782253246753	0.268488916666667	#00B0F6
#00B0F6	0.741053337662338	0.274573492424242	#00B0F6
#00B0F6	0.707235675324675	0.323204742424242	#00B0F6
#00B0F6	0.703339662337662	0.308574977272727	#00B0F6
#00B0F6	0.634631694805195	0.241476174242424	#00B0F6
#00B0F6	0.623293909090909	0.242018371212121	#00B0F6
#00B0F6	0.641226668831169	0.213239090909091	#00B0F6
#00B0F6	0.641538857142857	0.353963477272727	#00B0F6
#00B0F6	0.728652136363636	0.350677348484848	#00B0F6
#00B0F6	0.697792136363636	0.272696075757576	#00B0F6
#00B0F6	0.676060844155844	0.137788674242424	#00B0F6
#00B0F6	0.625448051948052	0.326933310606061	#00B0F6
#00B0F6	0.728145051948052	0.154464257575758	#00B0F6
#00B0F6	0.697912603896104	0.194891340909091	#00B0F6
#00B0F6	0.730992006493506	0.317283204545455	#00B0F6
#00B0F6	0.674630720779221	0.157087621212121	#00B0F6
#00B0F6	0.738134357142857	0.22989375	#00B0F6
#00B0F6	0.75338311038961	0.155942636363636	#00B0F6
#00B0F6	0.645173811688312	0.136551553030303	#00B0F6
#00B0F6	0.733811519480519	0.300235348484848	#00B0F6
#00B0F6	0.642393155844156	0.36137796969697	#00B0F6
#00B0F6	0.724886993506494	0.301045378787879	#00B0F6
#00B0F6	0.730302493506494	0.224390613636364	#00B0F6
#00B0F6	0.692555025974026	0.261493575757576	#00B0F6
#00B0F6	0.705094220779221	0.302166363636364	#00B0F6
#00B0F6	0.733873688311688	0.215616681818182	#00B0F6
#00B0F6	0.643474058441558	0.370038583333333	#00B0F6
#00B0F6	0.700947766233766	0.204130348484848	#00B0F6
#00B0F6	0.697282974025974	0.31730025	#00B0F6
#00B0F6	0.689943967532468	0.30254828030303	#00B0F6
#00B0F6	0.681191155844156	0.308885765151515	#00B0F6
#00B0F6	0.763571772727273	0.326472727272727	#00B0F6
#00B0F6	0.682143805194805	0.170370431818182	#00B0F6
#00B0F6	0.704211948051948	0.323947083333333	#00B0F6
#00B0F6	0.722405941558442	0.264990333333333	#00B0F6
#00B0F6	0.709684064935065	0.256724181818182	#00B0F6
#00B0F6	0.767753396103896	0.216227772727273	#00B0F6
#00B0F6	0.739998331168831	0.302974151515152	#00B0F6
#00B0F6	0.706917168831169	0.147757257575758	#00B0F6
#00B0F6	0.735211935064935	0.251955606060606	#00B0F6
#00B0F6	0.696837883116883	0.212683575757576	#00B0F6
#00B0F6	0.67018438961039	0.334389348484848	#00B0F6
#00B0F6	0.677986396103896	0.245833545454545	#00B0F6
#00B0F6	0.705537954545455	0.289240628787879	#00B0F6
#00B0F6	0.711520032467532	0.269569386363636	#00B0F6
#00B0F6	0.699610279220779	0.312235242424242	#00B0F6
#00B0F6	0.686357896103896	0.232762393939394	#00B0F6
#00B0F6	0.739161058441558	0.280171848484848	#00B0F6
#00B0F6	0.664462123376623	0.360001909090909	#00B0F6
#00B0F6	0.699172201298701	0.267536787878788	#00B0F6
#00B0F6	0.713025512987013	0.243173628787879	#00B0F6
#00B0F6	0.71710737012987	0.310179901515152	#00B0F6
#00B0F6	0.738107818181818	0.231710651515151	#00B0F6
#00B0F6	0.713623435064935	0.272766984848485	#00B0F6
#00B0F6	0.693618272727273	0.233840106060606	#00B0F6
#00B0F6	0.708388818181818	0.302833333333333	#00B0F6
#00B0F6	0.681666545454545	0.12922553030303	#00B0F6
#00B0F6	0.678087720779221	0.189015560606061	#00B0F6
#00B0F6	0.661693675324675	0.301514151515152	#00B0F6
#00B0F6	0.601160246753247	0.410693166666667	#00B0F6
#00B0F6	0.643867577922078	0.163461287878788	#00B0F6
#00B0F6	0.668628649350649	0.339351234848485	#00B0F6
#00B0F6	0.664550512987013	0.355087151515152	#00B0F6
#00B0F6	0.634643058441558	0.332209772727273	#00B0F6
#00B0F6	0.722209571428571	0.171682886363636	#00B0F6
#00B0F6	0.809378136363636	0.282355515151515	#00B0F6
#00B0F6	0.777303383116883	0.302380234848485	#00B0F6
#00B0F6	0.727212935064935	0.302872590909091	#00B0F6
#00B0F6	0.625892227272727	0.248837954545455	#00B0F6
#00B0F6	0.688101883116883	0.280738924242424	#00B0F6
#00B0F6	0.679426824675325	0.176781477272727	#00B0F6
#00B0F6	0.687318506493507	0.261388886363636	#00B0F6
#00B0F6	0.6704415	0.159427712121212	#00B0F6
#00B0F6	0.69261474025974	0.206911507575758	#00B0F6
#00B0F6	0.745551798701299	0.274040886363636	#00B0F6
#00B0F6	0.710620902597403	0.259125545454545	#00B0F6
#00B0F6	0.711988811688312	0.125963878787879	#00B0F6
#00B0F6	0.695366376623377	0.357827416666667	#00B0F6
#00B0F6	0.689549357142857	0.22393878030303	#00B0F6
#00B0F6	0.702359915584416	0.211613143939394	#00B0F6
#00B0F6	0.693541285714286	0.184078212121212	#00B0F6
#00B0F6	0.694808915584415	0.211901265151515	#00B0F6
#00B0F6	0.704908811688312	0.296663484848485	#00B0F6
#00B0F6	0.711008733766234	0.305783583333333	#00B0F6
#00B0F6	0.755675753246753	0.14123096969697	#00B0F6
#00B0F6	0.727834350649351	0.197003454545455	#00B0F6
#00B0F6	0.770983032467533	0.291304575757576	#00B0F6
#00B0F6	0.728174272727273	0.293544371212121	#00B0F6
#00B0F6	0.725749461038961	0.24369078030303	#00B0F6
#00B0F6	0.653714928571429	0.278375083333333	#00B0F6
#00B0F6	0.687326681818182	0.330710257575758	#00B0F6
#00B0F6	0.681145538961039	0.341202401515152	#00B0F6
#00B0F6	0.7552485	0.292373772727273	#00B0F6
#00B0F6	0.658950188311688	0.304390340909091	#00B0F6
#00B0F6	0.701827493506494	0.286608295454545	#00B0F6
#00B0F6	0.78602524025974	0.302791825757576	#00B0F6
#00B0F6	0.739116558441558	0.152602	#00B0F6
#00B0F6	0.663518233766234	0.309394492424242	#00B0F6
#00B0F6	0.718785214285714	0.277135287878788	#00B0F6
#00B0F6	0.650873454545455	0.303120204545455	#00B0F6
#00B0F6	0.700454616883117	0.145545318181818	#00B0F6
#00B0F6	0.723614467532468	0.309288863636364	#00B0F6
#00B0F6	0.835561155844156	0.240104856060606	#00B0F6
#00B0F6	0.721989558441559	0.247499272727273	#00B0F6
#00B0F6	0.731387876623377	0.353885181818182	#00B0F6
#00B0F6	0.699159714285714	0.218018484848485	#00B0F6
#00B0F6	0.806829766233766	0.300287825757576	#00B0F6
#00B0F6	0.728292142857143	0.312381090909091	#00B0F6
#00B0F6	0.730566675324675	0.328122984848485	#00B0F6
#00B0F6	0.676684779220779	0.32374746969697	#00B0F6
#00B0F6	0.744990383116883	0.205310371212121	#00B0F6
#00B0F6	0.700990545454545	0.190664265151515	#00B0F6
#00B0F6	0.669139935064935	0.328459446969697	#00B0F6
#00B0F6	0.727170642857143	0.335546068181818	#00B0F6
#00B0F6	0.63734225974026	0.376501204545455	#00B0F6
#00B0F6	0.693697883116883	0.368402795454545	#00B0F6
#00B0F6	0.718555175324675	0.287587083333333	#00B0F6
#00B0F6	0.756472084415584	0.307570318181818	#00B0F6
#00B0F6	0.676821272727273	0.311284151515152	#00B0F6
#00B0F6	0.704820571428571	0.208554325757576	#00B0F6
#00B0F6	0.674583681818182	0.337497189393939	#00B0F6
#00B0F6	0.630151012987013	0.210397840909091	#00B0F6
#00B0F6	0.679921084415584	0.249775810606061	#00B0F6
#00B0F6	0.693799564935065	0.262897924242424	#00B0F6
#00B0F6	0.746027045454545	0.247040037878788	#00B0F6
#00B0F6	0.799553714285714	0.260777931818182	#00B0F6
#00B0F6	0.808553474025974	0.267857166666667	#00B0F6
#00B0F6	0.810995883116883	0.268862143939394	#00B0F6
#00B0F6	0.746445727272727	0.242061446969697	#00B0F6
#00B0F6	0.703012616883117	0.278561356060606	#00B0F6
#00B0F6	0.692669837662338	0.274150522727273	#00B0F6
#00B0F6	0.676246415584416	0.214752901515152	#00B0F6
#00B0F6	0.663939603896104	0.368774590909091	#00B0F6
#00B0F6	0.702677487012987	0.264570621212121	#00B0F6
#00B0F6	0.69002511038961	0.326136818181818	#00B0F6
#00B0F6	0.715521149350649	0.266419348484848	#00B0F6
#00B0F6	0.719378623376623	0.337109643939394	#00B0F6
#00B0F6	0.671949142857143	0.193200401515151	#00B0F6
#00B0F6	0.64647088961039	0.362915651515151	#00B0F6
#00B0F6	0.693492805194805	0.185202704545455	#00B0F6
#00B0F6	0.736995876623377	0.318951674242424	#00B0F6
#00B0F6	0.744555538961039	0.349181537878788	#00B0F6
#00B0F6	0.741400980519481	0.292676227272727	#00B0F6
#00B0F6	0.714855487012987	0.334958871212121	#00B0F6
#00B0F6	0.664018214285714	0.230444689393939	#00B0F6
#00B0F6	0.722000655844156	0.329060613636364	#00B0F6
#00B0F6	0.660899844155844	0.251411416666667	#00B0F6
#00B0F6	0.688956623376623	0.160200840909091	#00B0F6
#00B0F6	0.71160948051948	0.40096928030303	#00B0F6
#00B0F6	0.711325038961039	0.129519878787879	#00B0F6
#00B0F6	0.73480925974026	0.323654848484848	#00B0F6
#00B0F6	0.718918935064935	0.28981778030303	#00B0F6
#00B0F6	0.641090766233766	0.331696651515152	#00B0F6
#00B0F6	0.72786361038961	0.360095022727273	#00B0F6
#00B0F6	0.723332331168831	0.145350893939394	#00B0F6
#00B0F6	0.66270974025974	0.202211803030303	#00B0F6
#00B0F6	0.761040175324675	0.279111871212121	#00B0F6
#00B0F6	0.689514876623377	0.315669939393939	#00B0F6
#00B0F6	0.691770168831169	0.310419893939394	#00B0F6
#00B0F6	0.776651779220779	0.247309795454545	#00B0F6
#00B0F6	0.681383824675325	0.347482189393939	#00B0F6
#00B0F6	0.753975487012987	0.255882477272727	#00B0F6
#00B0F6	0.715812253246753	0.369503037878788	#00B0F6
#00B0F6	0.71702874025974	0.34088171969697	#00B0F6
#00B0F6	0.658822590909091	0.303077795454545	#00B0F6
#00B0F6	0.671699876623377	0.328760212121212	#00B0F6
#00B0F6	0.640788694805195	0.373462651515152	#00B0F6
#00B0F6	0.63165548051948	0.231921628787879	#00B0F6
#00B0F6	0.665693876623377	0.207797242424242	#00B0F6
#00B0F6	0.728720636363636	0.23451828030303	#00B0F6
#00B0F6	0.828772857142857	0.237970977272727	#00B0F6
#00B0F6	0.694108844155844	0.339378348484848	#00B0F6
#00B0F6	0.674818584415585	0.347654772727273	#00B0F6
#00B0F6	0.702696811688312	0.140600871212121	#00B0F6
#00B0F6	0.723247337662338	0.245525878787879	#00B0F6
#00B0F6	0.692179772727273	0.228861439393939	#00B0F6
#00B0F6	0.728747201298701	0.279185598484848	#00B0F6
#00B0F6	0.73467188961039	0.275442484848485	#00B0F6
#00B0F6	0.670490272727273	0.172756651515152	#00B0F6
#00B0F6	0.650053077922078	0.364189560606061	#00B0F6
#00B0F6	0.678628993506494	0.304461659090909	#00B0F6
#00B0F6	0.625511935064935	0.272677416666667	#00B0F6
#00B0F6	0.695119857142857	0.31791596969697	#00B0F6
#00B0F6	0.697318422077922	0.304047348484848	#00B0F6
#00B0F6	0.704827753246753	0.283232909090909	#00B0F6
#00B0F6	0.640485545454545	0.175757674242424	#00B0F6
#00B0F6	0.662959915584416	0.301493424242424	#00B0F6
#00B0F6	0.698506948051948	0.252319878787879	#00B0F6
#00B0F6	0.69921561038961	0.336806863636364	#00B0F6
#00B0F6	0.679558207792208	0.284484378787879	#00B0F6
#00B0F6	0.64044524025974	0.322918477272727	#00B0F6
#00B0F6	0.625025714285714	0.331537348484848	#00B0F6
#00B0F6	0.663164896103896	0.290721371212121	#00B0F6
#00B0F6	0.701230097402597	0.184572454545455	#00B0F6
#00B0F6	0.669840409090909	0.29968971969697	#00B0F6
#00B0F6	0.632334564935065	0.294741674242424	#00B0F6
#00B0F6	0.636579409090909	0.339412371212121	#00B0F6
#00B0F6	0.711403902597403	0.304721272727273	#00B0F6
#00B0F6	0.63950038961039	0.297830128787879	#00B0F6
#00B0F6	0.662476915584416	0.153969704545455	#00B0F6
#00B0F6	0.686431155844156	0.337266901515152	#00B0F6
#00B0F6	0.617372831168831	0.373751234848485	#00B0F6
#00B0F6	0.653364538961039	0.376043757575758	#00B0F6
#00B0F6	0.681866344155844	0.306013825757576	#00B0F6
#00B0F6	0.734068792207792	0.324372333333333	#00B0F6
#00B0F6	0.734170311688312	0.224264825757576	#00B0F6
#00B0F6	0.699457097402597	0.18750775	#00B0F6
#00B0F6	0.691403590909091	0.189928659090909	#00B0F6
#00B0F6	0.726129357142857	0.295256007575758	#00B0F6
#00B0F6	0.653881435064935	0.18985028030303	#00B0F6
#00B0F6	0.670537824675325	0.253262128787879	#00B0F6
#00B0F6	0.744951668831169	0.262835931818182	#00B0F6
#00B0F6	0.726015084415584	0.366865659090909	#00B0F6
#00B0F6	0.722914045454546	0.280735090909091	#00B0F6
#00B0F6	0.74212325974026	0.225494590909091	#00B0F6
#00B0F6	0.687384357142857	0.155978477272727	#00B0F6
#00B0F6	0.708219233766234	0.252743287878788	#00B0F6
#00B0F6	0.693071383116883	0.32137928030303	#00B0F6
#00B0F6	0.666437038961039	0.152696696969697	#00B0F6
#00B0F6	0.622933350649351	0.306118825757576	#00B0F6
#00B0F6	0.68849301948052	0.176567083333333	#00B0F6
#00B0F6	0.748237883116883	0.342688113636364	#00B0F6
#00B0F6	0.791971863636364	0.272272537878788	#00B0F6
#00B0F6	0.678475051948052	0.273299909090909	#00B0F6
#00B0F6	0.722476876623377	0.169193825757576	#00B0F6
#00B0F6	0.668073655844156	0.170219393939394	#00B0F6
#00B0F6	0.749471525974026	0.29185746969697	#00B0F6
#00B0F6	0.645144681818182	0.339415560606061	#00B0F6
#00B0F6	0.697787681818182	0.272248340909091	#00B0F6
#00B0F6	0.747372590909091	0.286253128787879	#00B0F6
#00B0F6	0.662617032467532	0.343894272727273	#00B0F6
#00B0F6	0.736413993506494	0.313901553030303	#00B0F6
#00B0F6	0.778744181818182	0.191430318181818	#00B0F6
#00B0F6	0.714656428571429	0.272909196969697	#00B0F6
#00B0F6	0.746623168831169	0.206828363636364	#00B0F6
#00B0F6	0.714081402597402	0.323440742424242	#00B0F6
#00B0F6	0.755265090909091	0.300072863636364	#00B0F6
#00B0F6	0.737647902597403	0.269187106060606	#00B0F6
#00B0F6	0.71173374025974	0.295229886363636	#00B0F6
#00B0F6	0.783494551948052	0.260157409090909	#00B0F6
#00B0F6	0.729905337662338	0.249519689393939	#00B0F6
#00B0F6	0.716935525974026	0.27812271969697	#00B0F6
#00B0F6	0.690109428571429	0.297669787878788	#00B0F6
#00B0F6	0.637799149350649	0.291942204545455	#00B0F6
#00B0F6	0.630887006493507	0.17776728030303	#00B0F6
#00B0F6	0.793344084415584	0.339991060606061	#00B0F6
#00B0F6	0.79611661038961	0.280725893939394	#00B0F6
#00B0F6	0.76775451948052	0.273843818181818	#00B0F6
#00B0F6	0.76754625974026	0.180745060606061	#00B0F6
#00B0F6	0.731330279220779	0.261960583333333	#00B0F6
#00B0F6	0.751407974025974	0.245314159090909	#00B0F6
#00B0F6	0.718622831168831	0.324983477272727	#00B0F6
#00B0F6	0.639096805194805	0.360335151515152	#00B0F6
#00B0F6	0.685383071428571	0.317064840909091	#00B0F6
#00B0F6	0.722206896103896	0.277966242424242	#00B0F6
#00B0F6	0.677299155844156	0.220277689393939	#00B0F6
#00B0F6	0.599434967532467	0.264422303030303	#00B0F6
#00B0F6	0.667956792207792	0.201594984848485	#00B0F6
#00B0F6	0.730042909090909	0.303682242424242	#00B0F6
#00B0F6	0.680751448051948	0.313203265151515	#00B0F6
#00B0F6	0.723585603896104	0.342345795454545	#00B0F6
#00B0F6	0.667620922077922	0.290788401515152	#00B0F6
#00B0F6	0.65976024025974	0.334078871212121	#00B0F6
#00B0F6	0.781103071428571	0.333059560606061	#00B0F6
#00B0F6	0.653134974025974	0.335402734848485	#00B0F6
#00B0F6	0.688458616883117	0.329828151515151	#00B0F6
#00B0F6	0.741907798701299	0.331376621212121	#00B0F6
#00B0F6	0.74989237012987	0.232717212121212	#00B0F6
#00B0F6	0.767100071428571	0.260043340909091	#00B0F6
#00B0F6	0.702543831168831	0.331870454545455	#00B0F6
#00B0F6	0.690674883116883	0.305965560606061	#00B0F6
#00B0F6	0.795274967532468	0.306784803030303	#00B0F6
#00B0F6	0.71062437012987	0.290607212121212	#00B0F6
#00B0F6	0.675298032467532	0.313861537878788	#00B0F6
#00B0F6	0.656478935064935	0.340285106060606	#00B0F6
#00B0F6	0.705181305194805	0.307795060606061	#00B0F6
#00B0F6	0.723603441558441	0.287792189393939	#00B0F6
#00B0F6	0.712610545454545	0.288342477272727	#00B0F6
#00B0F6	0.6830545	0.361467015151515	#00B0F6
#00B0F6	0.690444383116883	0.37152428030303	#00B0F6
#00B0F6	0.719707019480519	0.208001575757576	#00B0F6
#00B0F6	0.740737136363636	0.19164903030303	#00B0F6
#00B0F6	0.652707831168831	0.209268674242424	#00B0F6
#00B0F6	0.714062493506494	0.23381546969697	#00B0F6
#00B0F6	0.704469571428571	0.331561128787879	#00B0F6
#00B0F6	0.677831233766234	0.191064477272727	#00B0F6
#00B0F6	0.722792798701299	0.186608159090909	#00B0F6
#00B0F6	0.714350220779221	0.187683371212121	#00B0F6
#00B0F6	0.653014474025974	0.229244113636364	#00B0F6
#00B0F6	0.667321493506494	0.219119901515151	#00B0F6
#00B0F6	0.685654857142857	0.181836106060606	#00B0F6
#00B0F6	0.705026344155844	0.333676022727273	#00B0F6
#00B0F6	0.77399524025974	0.289099204545455	#00B0F6
#00B0F6	0.657173409090909	0.210793575757576	#00B0F6
#00B0F6	0.697607272727273	0.276300159090909	#00B0F6
#00B0F6	0.675649564935065	0.224842893939394	#00B0F6
#00B0F6	0.669422863636364	0.329493159090909	#00B0F6
#00B0F6	0.747758655844156	0.347830060606061	#00B0F6
#00B0F6	0.649505603896104	0.369090704545455	#00B0F6
#00B0F6	0.667840097402597	0.328619621212121	#00B0F6
#00B0F6	0.717025701298701	0.304513265151515	#00B0F6
#00B0F6	0.7065065	0.356644590909091	#00B0F6
#00B0F6	0.675733928571429	0.189760106060606	#00B0F6
#00B0F6	0.72431212987013	0.3073515	#00B0F6
#00B0F6	0.713107655844156	0.153484590909091	#00B0F6
#00B0F6	0.690001844155844	0.276888454545455	#00B0F6
#00B0F6	0.704568363636364	0.243565871212121	#00B0F6
#00B0F6	0.771663642857143	0.274761106060606	#00B0F6
#00B0F6	0.640175649350649	0.241512393939394	#00B0F6
#00B0F6	0.680834727272727	0.342329378787879	#00B0F6
#00B0F6	0.672331928571429	0.301584075757576	#00B0F6
#00B0F6	0.740272058441558	0.308711939393939	#00B0F6
#00B0F6	0.714390032467533	0.32842796969697	#00B0F6
#00B0F6	0.626820233766234	0.22809821969697	#00B0F6
#00B0F6	0.779003818181818	0.232226121212121	#00B0F6
#00B0F6	0.652440590909091	0.320500174242424	#00B0F6
#00B0F6	0.770597071428571	0.316847810606061	#00B0F6
#00B0F6	0.698450194805195	0.282507325757576	#00B0F6
#00B0F6	0.733376545454546	0.324797984848485	#00B0F6
#00B0F6	0.695186188311688	0.364077916666667	#00B0F6
#00B0F6	0.679928532467532	0.216397098484848	#00B0F6
#00B0F6	0.730255298701299	0.316014803030303	#00B0F6
#00B0F6	0.64418174025974	0.403713787878788	#00B0F6
#00B0F6	0.654570207792208	0.186782340909091	#00B0F6
#00B0F6	0.692046006493506	0.301304242424242	#00B0F6
#00B0F6	0.703910779220779	0.152796484848485	#00B0F6
#00B0F6	0.684175532467532	0.199780409090909	#00B0F6
#00B0F6	0.694864935064935	0.323170856060606	#00B0F6
#00B0F6	0.727702571428572	0.315699613636364	#00B0F6
#00B0F6	0.689256025974026	0.369667545454545	#00B0F6
#00B0F6	0.677871311688312	0.330617931818182	#00B0F6
#00B0F6	0.692205798701299	0.297911234848485	#00B0F6
#00B0F6	0.705556811688312	0.177990106060606	#00B0F6
#00B0F6	0.744818772727273	0.290368090909091	#00B0F6
#00B0F6	0.693845038961039	0.324176212121212	#00B0F6
#00B0F6	0.621206623376623	0.290935568181818	#00B0F6
#00B0F6	0.664943779220779	0.268610833333333	#00B0F6
#00B0F6	0.739319019480519	0.34462725	#00B0F6
#00B0F6	0.704261668831169	0.259199893939394	#00B0F6
#00B0F6	0.665916642857143	0.236361333333333	#00B0F6
#00B0F6	0.758850103896104	0.149512977272727	#00B0F6
#00B0F6	0.739426655844156	0.321295409090909	#00B0F6
#00B0F6	0.610436642857143	0.243142462121212	#00B0F6
#00B0F6	0.729778525974026	0.304804560606061	#00B0F6
#00B0F6	0.721610480519481	0.272679522727273	#00B0F6
#00B0F6	0.681432220779221	0.245919007575758	#00B0F6
#00B0F6	0.711838967532468	0.326010477272727	#00B0F6
#00B0F6	0.726564253246753	0.291160325757576	#00B0F6
#00B0F6	0.67000787012987	0.198402810606061	#00B0F6
#00B0F6	0.717167012987013	0.324374689393939	#00B0F6
#00B0F6	0.739018779220779	0.328349659090909	#00B0F6
#00B0F6	0.625799603896104	0.31104921969697	#00B0F6
#00B0F6	0.767809201298701	0.166807893939394	#00B0F6
#00B0F6	0.761075383116883	0.275491075757576	#00B0F6
#00B0F6	0.740342662337662	0.283507643939394	#00B0F6
#00B0F6	0.729194175324675	0.201747136363636	#00B0F6
#00B0F6	0.657024883116883	0.361727871212121	#00B0F6
#00B0F6	0.693829876623377	0.227696681818182	#00B0F6
#00B0F6	0.712602103896104	0.323038886363636	#00B0F6
#00B0F6	0.686663168831169	0.237755772727273	#00B0F6
#00B0F6	0.647127987012987	0.404089204545455	#00B0F6
#00B0F6	0.647982824675325	0.319956863636364	#00B0F6
#00B0F6	0.622733376623377	0.410753681818182	#00B0F6
#00B0F6	0.70678001948052	0.362485227272727	#00B0F6
#00B0F6	0.682462402597403	0.357561916666667	#00B0F6
#00B0F6	0.747208564935065	0.339048643939394	#00B0F6
#00B0F6	0.720016902597403	0.316859689393939	#00B0F6
#00B0F6	0.768099961038961	0.255769409090909	#00B0F6
#00B0F6	0.824502214285714	0.257194068181818	#00B0F6
#00B0F6	0.73716687012987	0.300323257575758	#00B0F6
#00B0F6	0.659420207792208	0.294151712121212	#00B0F6
#00B0F6	0.725845902597403	0.306022553030303	#00B0F6
#00B0F6	0.679587753246753	0.350085242424242	#00B0F6
#00B0F6	0.667072720779221	0.200911901515152	#00B0F6
#00B0F6	0.730061214285714	0.302351856060606	#00B0F6
#00B0F6	0.604194948051948	0.250586325757576	#00B0F6
#00B0F6	0.705343181818182	0.203623992424242	#00B0F6
#00B0F6	0.744296337662338	0.110714477272727	#00B0F6
#00B0F6	0.658692948051948	0.195773992424242	#00B0F6
#00B0F6	0.705901077922078	0.314774878787879	#00B0F6
#00B0F6	0.723527577922078	0.176934765151515	#00B0F6
#00B0F6	0.692553980519481	0.354860833333333	#00B0F6
#00B0F6	0.731746915584416	0.297116871212121	#00B0F6
#00B0F6	0.709399558441558	0.2126045	#00B0F6
#00B0F6	0.711194551948052	0.234363053030303	#00B0F6
#00B0F6	0.722708798701299	0.346831818181818	#00B0F6
#00B0F6	0.723615168831169	0.336777128787879	#00B0F6
#00B0F6	0.721293298701299	0.411379924242424	#00B0F6
#00B0F6	0.635721590909091	0.19522171969697	#00B0F6
#00B0F6	0.695987668831169	0.192131386363636	#00B0F6
#00B0F6	0.755632331168831	0.189980742424242	#00B0F6
#00B0F6	0.817181272727273	0.224224075757576	#00B0F6
#00B0F6	0.622946558441559	0.351083560606061	#00B0F6
#00B0F6	0.734932292207792	0.21729153030303	#00B0F6
#00B0F6	0.740172162337662	0.252921712121212	#00B0F6
#00B0F6	0.708886266233766	0.303199378787879	#00B0F6
#00B0F6	0.650566266233766	0.347240484848485	#00B0F6
#00B0F6	0.695824792207792	0.333583189393939	#00B0F6
#00B0F6	0.694689032467533	0.304470939393939	#00B0F6
#00B0F6	0.706756590909091	0.241658537878788	#00B0F6
#00B0F6	0.740648896103896	0.186366409090909	#00B0F6
#00B0F6	0.702158246753247	0.29020125	#00B0F6
#00B0F6	0.712652603896104	0.32669675	#00B0F6
#00B0F6	0.732904402597403	0.277715136363636	#00B0F6
#00B0F6	0.667995435064935	0.191422787878788	#00B0F6
#00B0F6	0.732236493506494	0.210266348484848	#00B0F6
#00B0F6	0.722187662337662	0.311087318181818	#00B0F6
#00B0F6	0.585166714285714	0.401686151515152	#00B0F6
#00B0F6	0.670234285714286	0.188312477272727	#00B0F6
#00B0F6	0.688671188311688	0.265739143939394	#00B0F6
#00B0F6	0.698868396103896	0.190466287878788	#00B0F6
#00B0F6	0.675901792207792	0.177708643939394	#00B0F6
#00B0F6	0.711608162337662	0.174985803030303	#00B0F6
#00B0F6	0.690779733766234	0.234094537878788	#00B0F6
#00B0F6	0.706449642857143	0.30702771969697	#00B0F6
#00B0F6	0.764124967532468	0.329631454545455	#00B0F6
#00B0F6	0.745301675324675	0.327039439393939	#00B0F6
#00B0F6	0.671728487012987	0.301602007575758	#00B0F6
#00B0F6	0.643123967532468	0.270954053030303	#00B0F6
#00B0F6	0.690627824675325	0.213965303030303	#00B0F6
#00B0F6	0.638186155844156	0.201776560606061	#00B0F6
#00B0F6	0.729512993506494	0.221645166666667	#00B0F6
#00B0F6	0.657927506493507	0.328237136363636	#00B0F6
#00B0F6	0.651154383116883	0.32712821969697	#00B0F6
#00B0F6	0.685357116883117	0.358085166666667	#00B0F6
#00B0F6	0.699568318181818	0.147138613636364	#00B0F6
#00B0F6	0.696473181818182	0.308417227272727	#00B0F6
#00B0F6	0.754205077922078	0.285489924242424	#00B0F6
#00B0F6	0.747225980519481	0.298771007575758	#00B0F6
#E76BF3	0.749701175324675	0.287716378787879	#E76BF3
#E76BF3	0.661664818181818	0.305618318181818	#E76BF3
#E76BF3	0.768118746753247	0.276269136363636	#E76BF3
#E76BF3	0.703005590909091	0.256283765151515	#E76BF3
#E76BF3	0.793596876623377	0.30866303030303	#E76BF3
#E76BF3	0.765963850649351	0.278343484848485	#E76BF3
#E76BF3	0.669174201298701	0.168060128787879	#E76BF3
#E76BF3	0.686783	0.335207318181818	#E76BF3
#E76BF3	0.686161350649351	0.232897234848485	#E76BF3
#E76BF3	0.810630324675325	0.278406159090909	#E76BF3
#E76BF3	0.77111025974026	0.255994151515151	#E76BF3
#E76BF3	0.676283824675325	0.317758378787879	#E76BF3
#E76BF3	0.684688474025974	0.326240765151515	#E76BF3
#E76BF3	0.616858915584416	0.334453681818182	#E76BF3
